id,name,scientific_name,period,length,weight,diet,description,image,image_alt,taxonomy,characteristics,fossils,discovered,location_found,size_comparison_url,habitat_map_url,evolutionary_tree_url
acrocanthosaurus,Acrocanthosaurus,Acrocanthosaurus atokensis,Cretaceous,11.5,6000,Carnivore,"Acrocanthosaurus atokensis was a large Early Cretaceous theropod from North America, best recognized by the tall neural spines running along its neck, back, hips, and base of the tail. These spines probably supported a thick muscular ridge rather than a thin sail, giving the animal a distinctive raised-backed silhouette. It belonged to the allosauroid/carcharodontosaurid side of theropod evolution, so it should not be imagined as a tyrannosaur-like predator. Acrocanthosaurus had a long predatory skull, strong three-fingered forelimbs, powerful hindlimbs, and a long balancing tail. Its fossils suggest a large apex predator adapted to hunting or scavenging in Early Cretaceous floodplains and woodlands.",https://res.cloudinary.com/dhx7maf56/image/upload/v1780237239/34ed5bd5-1b47-4067-b0b0-08e990cc6fa9.png,Acrocanthosaurus illustration,"{""class"":""Reptilia"",""genus"":""Acrocanthosaurus"",""order"":""Saurischia"",""family"":""Carcharodontosauridae"",""phylum"":""Chordata"",""kingdom"":""Animalia"",""species"":""A. atokensis""}","[""High back spines"",""Massive size"",""Bipedal"",""Powerful forelimbs""]",Several partial skeletons,1950,"Oklahoma, Texas, USA",https://res.cloudinary.com/dhx7maf56/image/upload/v1780756400/81cd9928-b925-43ba-9dbf-bd1473fee6c1.png,,
alamosaurus,Alamosaurus,Alamosaurus sanjuanensis,Cretaceous,21.0,30000,Herbivore,"Alamosaurus sanjuanensis was a large Late Cretaceous titanosaur from North America, living near the end of the dinosaur age. It had a long neck, huge body, long tail, and strong columnar limbs like other sauropods. Alamosaurus is important because titanosaurs were much more common in southern continents, yet this genus shows that very large sauropods also survived in North America late in the Cretaceous. It shared ecosystems with famous dinosaurs such as Tyrannosaurus rex and Triceratops.",https://res.cloudinary.com/dhx7maf56/image/upload/v1780747087/97ccfacf-e927-4809-ab07-fef2ca30c79a.png,Alamosaurus illustration,"{""class"":""Reptilia"",""genus"":""Alamosaurus"",""order"":""Saurischia"",""family"":""Saltasauridae"",""phylum"":""Chordata"",""kingdom"":""Animalia"",""species"":""A. sanjuanensis""}","[""Large titanosaur"",""Long neck"",""Late Cretaceous"",""Quadrupedal"",""North American sauropod""]",Partial skeletons and isolated bones,1922,"New Mexico, Texas, Utah, USA",https://res.cloudinary.com/dhx7maf56/image/upload/v1780756550/533e951b-ab20-4f5c-bb79-7461d5a9746a.png,,
albertosaurus,Albertosaurus,Albertosaurus sarcophagus,Cretaceous,9,2000,Carnivore,"Albertosaurus sarcophagus was a Late Cretaceous tyrannosaurid from western North America and one of the best-known albertosaurines. It shared the general tyrannosaur body plan, including a large skull, powerful jaws, small two-fingered arms, strong hindlimbs, and a long counterbalancing tail. However, Albertosaurus was generally lighter and more gracile than Tyrannosaurus rex, with a slimmer build and longer-legged appearance that suggests a more agile predator. It likely hunted large herbivorous dinosaurs and also scavenged when opportunities appeared. Fossils from Alberta provide important evidence for tyrannosaur evolution before the appearance of the extremely massive tyrannosaurines of the very end of the Cretaceous.",https://res.cloudinary.com/dhx7maf56/image/upload/v1780237485/aeecaa03-0815-4e06-abdd-3d65243e1191.png,Albertosaurus illustration,"{""class"":""Reptilia"",""genus"":""Albertosaurus"",""order"":""Saurischia"",""family"":""Tyrannosauridae"",""phylum"":""Chordata"",""kingdom"":""Animalia"",""species"":""A. sarcophagus""}","[""Apex predator"",""Fast runner"",""Bipedal"",""Small two-fingered hands""]",Over 30 individuals found in a single bonebed,1905,"Alberta, Canada",https://res.cloudinary.com/dhx7maf56/image/upload/v1780756658/9e75ace8-65bc-4f59-a4c6-47e57ccb6392.png,,
allosaurus,Allosaurus,Allosaurus fragilis,Jurassic,9.5,2300,Carnivore,"Allosaurus fragilis was a large Late Jurassic theropod from North America and one of the most common large predators of the Morrison Formation. It had a long, relatively narrow skull, serrated teeth, three-fingered grasping hands, strong hindlimbs, and a long tail for balance. Small horn-like ridges above the eyes helped give Allosaurus a distinctive skull profile, separating it from tyrannosaurs and other large theropods. Compared with Tyrannosaurus rex, Allosaurus was lighter, more athletic, and had longer functional forelimbs. It likely preyed on or scavenged from large herbivores such as stegosaurs and sauropods, making it a major predator in Late Jurassic ecosystems.",https://res.cloudinary.com/dhx7maf56/image/upload/v1780237585/7fcbeac0-d312-4d24-848a-f836586d526a.png,Allosaurus illustration,"{""class"":""Reptilia"",""genus"":""Allosaurus"",""order"":""Saurischia"",""family"":""Allosauridae"",""phylum"":""Chordata"",""kingdom"":""Animalia"",""species"":""A. fragilis""}","[""Apex predator"",""Crests above eyes"",""Sharp serrated teeth"",""Bipedal""]",Numerous complete skeletons,1877,"Utah/Colorado, USA",https://res.cloudinary.com/dhx7maf56/image/upload/v1780756738/a518d106-c32f-4de3-b9fd-a7bc8f94c079.png,,
amargasaurus,Amargasaurus,Amargasaurus cazaui,Cretaceous,10,2600,Herbivore,"Amargasaurus cazaui was a small-to-medium-sized sauropod from Early Cretaceous South America and a member of the dicraeosaurid family. Unlike extremely long-necked sauropods such as Diplodocus or Mamenchisaurus, Amargasaurus had a relatively short neck and a compact body. Its most distinctive feature was a double row of tall, backward-leaning neural spines along the neck and front part of the back. These spines may have supported keratin sheaths, soft tissue, or display structures, although their exact appearance is still debated. Amargasaurus was a quadrupedal herbivore that likely browsed on low to mid-level vegetation in ancient Patagonian environments.",https://res.cloudinary.com/dhx7maf56/image/upload/v1780237710/dd0605c9-b92a-402b-bec2-eb9c408b420d.png,Amargasaurus illustration,"{""class"":""Reptilia"",""genus"":""Amargasaurus"",""order"":""Saurischia"",""family"":""Dicraeosauridae"",""phylum"":""Chordata"",""kingdom"":""Animalia"",""species"":""A. cazaui""}","[""Double neck spines"",""Long neck"",""Quadrupedal"",""Whip-like tail""]",One nearly complete skeleton,1991,Argentina,https://res.cloudinary.com/dhx7maf56/image/upload/v1780756802/1fbce89e-d6a3-4f9a-afe9-d48de5f405f6.png,,
ankylosaurus,Ankylosaurus,Ankylosaurus magniventris,Cretaceous,10.7,4800,Herbivore,"Ankylosaurus magniventris was a massive armored dinosaur from Late Cretaceous North America, famous for its broad low body, heavy bony armor, and large tail club. It belonged to the ankylosaurid group, whose bodies were protected by osteoderms, plates, and knobs embedded in the skin. Ankylosaurus had a wide skull, strong beak, powerful limbs, and a stiffened tail ending in a heavy bony club that could have been used for defense against predators such as Tyrannosaurus rex. Although it is the most famous ankylosaur, no complete skeleton has been found, so some details of its armor arrangement are reconstructed using close relatives. It was a slow-moving but extremely well-defended herbivore.",https://res.cloudinary.com/dhx7maf56/image/upload/v1780237796/bd2605f9-e472-44b6-a249-c6c498528612.png,Ankylosaurus illustration,"{""class"":""Reptilia"",""genus"":""Ankylosaurus"",""order"":""Ornithischia"",""family"":""Ankylosauridae"",""phylum"":""Chordata"",""kingdom"":""Animalia"",""species"":""A. magniventris""}","[""Armor plating"",""Tail club"",""Quadrupedal"",""Heavily protected""]",Partial skeleton with armor,1908,"Montana, USA",https://res.cloudinary.com/dhx7maf56/image/upload/v1781016093/0ad93b82-55fd-4f24-aaa0-f117ed62c9c9.png,,
apatosaurus,Apatosaurus,Apatosaurus ajax,Jurassic,22,22000,Herbivore,"Apatosaurus was a large diplodocid sauropod from the Late Jurassic Morrison Formation of North America. It had a small head, a long muscular neck, a deep and heavy torso, sturdy limbs, and an extremely long tapering tail that may have ended in a whip-like structure. Compared with Diplodocus, Apatosaurus was more robust, with a thicker neck, heavier body, and stronger limb bones. It was a quadrupedal herbivore that likely fed on vegetation using its peg-like teeth and long reach. Apatosaurus has a complicated history with Brontosaurus, but modern research generally treats them as closely related yet distinct genera rather than simply the same dinosaur.",https://res.cloudinary.com/dhx7maf56/image/upload/v1780238317/89e1894c-c772-4654-b266-860a158619a0.png,Apatosaurus illustration,"{""class"":""Reptilia"",""genus"":""Apatosaurus"",""order"":""Saurischia"",""family"":""Diplodocidae"",""phylum"":""Chordata"",""kingdom"":""Animalia"",""species"":""A. ajax""}","[""Thick neck"",""Whip-like tail"",""Pillar-like legs"",""Massive size""]",Multiple partial skeletons,1877,"Colorado, Wyoming, USA",https://res.cloudinary.com/dhx7maf56/image/upload/v1781016227/42dc73c4-4c8d-4f27-b1f5-53e6f948a69d.png,,
argentinosaurus,Argentinosaurus,Argentinosaurus huinculensis,Cretaceous,30,73000,Herbivore,"Argentinosaurus huinculensis was a gigantic titanosaur sauropod from the Late Cretaceous of Patagonia, Argentina. It is often considered one of the largest land animals ever discovered, although its exact size remains uncertain because the fossil material is incomplete. Known remains include enormous vertebrae, ribs, and limb elements that indicate a colossal quadrupedal herbivore with a long neck, huge body, powerful columnar limbs, and a long tail. Argentinosaurus likely lived in Cretaceous floodplain environments and fed on large quantities of vegetation. Because its skeleton is fragmentary, reconstructions should be treated cautiously and based on comparisons with better-known giant titanosaurs rather than excessive speculation.",https://res.cloudinary.com/dhx7maf56/image/upload/v1780238405/cc16b958-02d3-4793-8ec6-0db49f8e843d.png,Argentinosaurus illustration,"{""class"":""Reptilia"",""genus"":""Argentinosaurus"",""order"":""Saurischia"",""family"":""Antarctosauridae"",""phylum"":""Chordata"",""kingdom"":""Animalia"",""species"":""A. huinculensis""}","[""Massive size"",""Long neck"",""Quadrupedal"",""Thick legs""]",Fragmentary skeleton,1989,Argentina,https://res.cloudinary.com/dhx7maf56/image/upload/v1781016338/e03787ea-bab5-4219-a98e-c4506ca9479d.png,,
barosaurus,Barosaurus,Barosaurus lentus,Jurassic,27.0,20000,Herbivore,"Barosaurus lentus was a Late Jurassic diplodocid sauropod from North America, known for its very long neck and long, slender body. It was closely related to Diplodocus but had different proportions, especially in the neck and vertebrae. Barosaurus likely used its long neck to browse across a wide feeding area while standing on four columnar limbs. Its fossils are important for understanding variation among diplodocid sauropods in the Morrison Formation. It should be reconstructed as elegant and elongated, not as bulky as Apatosaurus.",https://res.cloudinary.com/dhx7maf56/image/upload/v1780747266/485c07dd-1084-49ba-bc95-799e2d48267e.png,Barosaurus illustration,"{""class"":""Reptilia"",""genus"":""Barosaurus"",""order"":""Saurischia"",""family"":""Diplodocidae"",""phylum"":""Chordata"",""kingdom"":""Animalia"",""species"":""B. lentus""}","[""Very long neck"",""Long tail"",""Diplodocid"",""Quadrupedal"",""Slender sauropod""]",Partial skeletons and vertebrae,1890,"South Dakota, Utah, USA",https://res.cloudinary.com/dhx7maf56/image/upload/v1781016464/535f46e1-191e-43c7-877f-cfe81f20ddab.png,,
baryonyx,Baryonyx,Baryonyx walkeri,Cretaceous,9.5,1700,Piscivore,"Baryonyx walkeri was an Early Cretaceous spinosaurid theropod from Europe, best known for its long crocodile-like snout and enormous curved thumb claw. Its jaws contained many conical to finely serrated teeth suited for gripping slippery prey, and fossil evidence shows that fish formed part of its diet. Baryonyx probably lived around rivers, lakes, and wetlands, where it may have caught fish with its jaws and powerful forelimbs while also scavenging or hunting other animals. Unlike Spinosaurus, it did not have a tall sail, strongly shortened hindlimbs, or a deep paddle-like tail. Baryonyx should be understood as a semi-aquatic or water-associated predator, but not as a fully aquatic reptile.",https://res.cloudinary.com/dhx7maf56/image/upload/v1780238486/a7ed8f28-548d-41f3-a698-f0ede024b0fb.png,Baryonyx illustration,"{""class"":""Reptilia"",""genus"":""Baryonyx"",""order"":""Saurischia"",""family"":""Spinosauridae"",""phylum"":""Chordata"",""kingdom"":""Animalia"",""species"":""B. walkeri""}","[""Crocodile-like jaws"",""Large thumb claw"",""Fish eater"",""Bipedal""]",Several partial skeletons,1983,"England, Spain",https://res.cloudinary.com/dhx7maf56/image/upload/v1781016532/5a577909-648c-4e3a-8b0f-d556068bb351.png,,
brachiosaurus,Brachiosaurus,Brachiosaurus altithorax,Jurassic,26,56000,Herbivore,"Brachiosaurus altithorax was a very tall Late Jurassic sauropod from North America, famous for its longer forelimbs, high shoulders, deep chest, and elevated neck posture. Its name means “arm lizard,” referring to the unusual proportion in which the front limbs were longer than the hind limbs, giving the body an upward-sloping profile. This made Brachiosaurus visually different from lower, longer sauropods such as Diplodocus and Apatosaurus. It likely browsed on high vegetation including conifers and tree ferns. Because Brachiosaurus is not known from a complete skeleton, and many older reconstructions were influenced by the related African sauropod Giraffatitan, accurate reconstructions should remain conservative.",https://res.cloudinary.com/dhx7maf56/image/upload/v1780238633/1119bf16-35e8-420b-b554-403b6397f980.png,Brachiosaurus illustration,"{""class"":""Reptilia"",""genus"":""Brachiosaurus"",""order"":""Saurischia"",""family"":""Sauropodomorpha"",""phylum"":""Chordata"",""kingdom"":""Animalia"",""species"":""B. altithorax""}","[""Longest front legs"",""Massive size"",""Long neck"",""Quadrupedal""]",Partial skeletons,1903,"Colorado, USA",https://res.cloudinary.com/dhx7maf56/image/upload/v1781017054/eb37f44f-c458-4be8-a69e-62145221999c.png,,
brachylophosaurus,Brachylophosaurus,Brachylophosaurus canadensis,Cretaceous,9.0,3000,Herbivore,"Brachylophosaurus canadensis was a Late Cretaceous hadrosaur from North America, recognized by its flat paddle-like crest on the skull. It had a duck-billed beak, complex dental batteries, a deep herbivorous body, sturdy limbs, and a long muscular tail. Several well-preserved specimens, including mummified remains with skin impressions, have made Brachylophosaurus important for understanding hadrosaur soft tissue and body shape. It should be distinguished from crestless Edmontosaurus and from hollow-crested lambeosaurines such as Corythosaurus and Parasaurolophus.",https://res.cloudinary.com/dhx7maf56/image/upload/v1780747381/9abc7b5b-fd4d-4dbe-b8b7-f46beb53b343.png,Brachylophosaurus illustration,"{""class"":""Reptilia"",""genus"":""Brachylophosaurus"",""order"":""Ornithischia"",""family"":""Hadrosauridae"",""phylum"":""Chordata"",""kingdom"":""Animalia"",""species"":""B. canadensis""}","[""Flat skull crest"",""Duck-billed beak"",""Skin impressions"",""Hadrosaur"",""Herbivore""]","Skeletons, skulls, and mummified specimens",1953,"Montana, USA; Alberta, Canada",https://res.cloudinary.com/dhx7maf56/image/upload/v1781017160/c2129044-1941-4d7c-9943-76744cbc7068.png,,
brontosaurus,Brontosaurus,Brontosaurus excelsus,Jurassic,22.0,15000,Herbivore,"Brontosaurus excelsus was a large Late Jurassic diplodocid sauropod from North America, closely related to Apatosaurus but now often treated as a distinct genus. It had a long neck, small head, heavy body, sturdy limbs, and a very long tapering tail. Brontosaurus is historically famous because its name was once considered invalid, then later revived after detailed anatomical comparisons. It was a quadrupedal herbivore that likely fed on low to mid-level vegetation in Morrison Formation ecosystems.",https://res.cloudinary.com/dhx7maf56/image/upload/v1780747465/cf693f2f-9ded-4649-a552-32a1f4c49671.png,Brontosaurus illustration,"{""class"":""Reptilia"",""genus"":""Brontosaurus"",""order"":""Saurischia"",""family"":""Diplodocidae"",""phylum"":""Chordata"",""kingdom"":""Animalia"",""species"":""B. excelsus""}","[""Long neck"",""Long tail"",""Quadrupedal"",""Large sauropod"",""Diplodocid body""]",Partial skeletons and postcranial remains,1879,"Wyoming, Utah, USA",https://res.cloudinary.com/dhx7maf56/image/upload/v1781017268/da681390-a763-4348-ae58-077040f2b561.png,,
camarasaurus,Camarasaurus,Camarasaurus supremus,Jurassic,18.0,18000,Herbivore,"Camarasaurus was a common Late Jurassic sauropod from North America, especially well known from the Morrison Formation. Unlike Diplodocus, it had a shorter, deeper skull, a more compact body, and a stronger, less extremely elongated neck and tail. Its spoon-shaped teeth suggest it fed differently from peg-toothed diplodocids, likely cropping tougher vegetation. Camarasaurus is important because it is one of the most completely known sauropods, helping paleontologists understand sauropod skulls, growth, and general body anatomy.",https://res.cloudinary.com/dhx7maf56/image/upload/v1780747556/b2ed2057-af3d-4d2a-a95a-c9cd17938520.png,Camarasaurus illustration,"{""class"":""Reptilia"",""genus"":""Camarasaurus"",""order"":""Saurischia"",""family"":""Camarasauridae"",""phylum"":""Chordata"",""kingdom"":""Animalia"",""species"":""C. supremus""}","[""Spoon-shaped teeth"",""Compact sauropod"",""Deep skull"",""Quadrupedal"",""Common Morrison dinosaur""]",Many skeletons and skulls,1877,"Colorado, Utah, Wyoming, USA",https://res.cloudinary.com/dhx7maf56/image/upload/v1781017363/670aafaf-cf0d-4345-a8fb-6eda59e33efb.png,,
carcharodontosaurus,Carcharodontosaurus,Carcharodontosaurus saharicus,Cretaceous,12.5,6000,Carnivore,"Carcharodontosaurus saharicus was a gigantic carcharodontosaurid theropod from Late Cretaceous North Africa, named for its shark-like serrated teeth. It had a long, low skull with blade-like teeth adapted for slicing flesh, a powerful neck, three-fingered forelimbs, strong hindlimbs, and a long balancing tail. Unlike Tyrannosaurus rex, it was not built around a short, deep, bone-crushing skull; instead, its skull and teeth were more suited for cutting. The fossil history of Carcharodontosaurus is complicated, and some classic North African material has been re-evaluated, so reconstructions should be cautious. It remains one of the most iconic large predators from the Cretaceous ecosystems of northern Africa.",https://res.cloudinary.com/dhx7maf56/image/upload/v1780238734/b5a19313-1ba3-475f-8bb1-dc3b12b7c41e.png,Carcharodontosaurus illustration,"{""class"":""Reptilia"",""genus"":""Carcharodontosaurus"",""order"":""Saurischia"",""family"":""Carcharodontosauridae"",""phylum"":""Chordata"",""kingdom"":""Animalia"",""species"":""C. saharicus""}","[""Shark-like teeth"",""Massive size"",""Bipedal predator"",""Large skull""]",Partial skeletons and isolated skulls,1931,North Africa,https://res.cloudinary.com/dhx7maf56/image/upload/v1781017426/475bce5d-6539-42f7-88b6-7be4d179b213.png,,
carnotaurus,Carnotaurus,Carnotaurus sastrei,Cretaceous,8,1350,Carnivore,"Carnotaurus sastrei was a distinctive Late Cretaceous abelisaurid theropod from South America, best known for its short deep skull, two thick brow horns, extremely reduced arms, and long powerful legs. Unlike tyrannosaurs or allosauroids, Carnotaurus had a very narrow skull when seen from the front and a compact, lightweight body that may have been adapted for fast movement. Its skin impressions show a scaly body with varied scale patterns and no evidence of feathers. The tiny forelimbs were even more reduced than those of tyrannosaurs, making them one of its strangest features. Carnotaurus likely lived as an active predator in semi-arid Patagonian environments, hunting smaller animals and possibly scavenging when opportunities appeared.",https://res.cloudinary.com/dhx7maf56/image/upload/v1780239274/d90032d1-282f-4c6e-a82d-0c3959115688.png,Carnotaurus illustration,"{""class"":""Reptilia"",""genus"":""Carnotaurus"",""order"":""Saurischia"",""family"":""Abelisauridae"",""phylum"":""Chordata"",""kingdom"":""Animalia"",""species"":""C. sastrei""}","[""Bull-like horns"",""Tiny arms"",""Fast runner"",""Bipedal""]",One nearly complete skeleton,1984,Argentina,https://res.cloudinary.com/dhx7maf56/image/upload/v1781017919/b9c3bce5-4bf6-4791-9315-d4b60cf87ca9.png,,
caudipteryx,Caudipteryx,Caudipteryx zoui,Cretaceous,1.0,5,Omnivore,"Caudipteryx zoui was a small Early Cretaceous oviraptorosaur from China with a short skull, toothless beak, long legs, and striking feathers on its arms and tail. It was not capable of powered flight, but its plumage shows how bird-like some non-avian dinosaurs had become. Caudipteryx likely fed on a mixed diet of plants, seeds, small animals, and other available food. It is important because it combines a dinosaurian skeleton with obvious feathers, helping demonstrate that feathers evolved before flight.",https://res.cloudinary.com/dhx7maf56/image/upload/v1780748038/ba6d9f06-e50a-4beb-aa25-81ebb77ee33e.png,Caudipteryx illustration,"{""class"":""Reptilia"",""genus"":""Caudipteryx"",""order"":""Saurischia"",""family"":""Caudipteridae"",""phylum"":""Chordata"",""kingdom"":""Animalia"",""species"":""C. zoui""}","[""Feathered arms"",""Tail fan"",""Toothless beak"",""Small oviraptorosaur"",""Omnivore""]",Skeletons with feather impressions,1998,"Liaoning, China",https://res.cloudinary.com/dhx7maf56/image/upload/v1781018030/22c76775-493f-44df-806d-88df39268d67.png,,
centrosaurus,Centrosaurus,Centrosaurus apertus,Cretaceous,5.5,2700,Herbivore,"Centrosaurus apertus was a Late Cretaceous centrosaurine ceratopsian from North America, recognized by its large nasal horn, short frill, and heavy quadrupedal body. Unlike Triceratops, it did not have two long brow horns, and unlike Styracosaurus, its frill lacked the same dramatic long spikes. Centrosaurus is known from large bonebeds, suggesting herd behavior or mass mortality events. It used a powerful beak and dental batteries to process vegetation in rich floodplain ecosystems of western North America.",https://res.cloudinary.com/dhx7maf56/image/upload/v1780748135/1572c1eb-1736-47a8-aeea-63274c99a044.png,Centrosaurus illustration,"{""class"":""Reptilia"",""genus"":""Centrosaurus"",""order"":""Ornithischia"",""family"":""Ceratopsidae"",""phylum"":""Chordata"",""kingdom"":""Animalia"",""species"":""C. apertus""}","[""Large nose horn"",""Short frill"",""Quadrupedal"",""Ceratopsian"",""Herd evidence""]",Many skulls and skeletons from bonebeds,1904,"Alberta, Canada",https://res.cloudinary.com/dhx7maf56/image/upload/v1781018133/f93e6d91-9cd9-4476-b5f9-a3d8843c5bd1.png,,
ceratosaurus,Ceratosaurus,Ceratosaurus nasicornis,Jurassic,6,980,Carnivore,"Ceratosaurus nasicornis was a Late Jurassic theropod from North America, easily recognized by the prominent nasal horn on its snout, small brow ridges above the eyes, and a row of small bony osteoderms along its back. It was a medium-to-large predator, but it should not be confused with Allosaurus, which lacked the same central nose horn. Ceratosaurus had a deep skull, sharp serrated teeth, functional three-fingered hands, strong hindlimbs, and a long muscular tail. Its body plan suggests a powerful predator that lived alongside other large carnivores in the Morrison Formation. The nasal horn was probably used for display or species recognition rather than as a primary weapon.",https://res.cloudinary.com/dhx7maf56/image/upload/v1780239357/8ba4cf17-e325-4480-95d2-e9a566ff7cab.png,Ceratosaurus illustration,"{""class"":""Reptilia"",""genus"":""Ceratosaurus"",""order"":""Saurischia"",""family"":""Ceratosauridae"",""phylum"":""Chordata"",""kingdom"":""Animalia"",""species"":""C. nasicornis""}","[""Snout horn"",""Eye hornlets"",""Prominent teeth"",""Bipedal""]",Nearly complete skeleton,1884,"Colorado, USA",https://res.cloudinary.com/dhx7maf56/image/upload/v1781018207/f1908767-7790-4089-82f8-c7cbaab37697.png,,
chasmosaurus,Chasmosaurus,Chasmosaurus belli,Cretaceous,4.8,2000,Herbivore,"Chasmosaurus belli was a Late Cretaceous chasmosaurine ceratopsian from North America, especially known for its long rectangular neck frill with large openings. Unlike Triceratops, which had a shorter solid frill and larger brow horns, Chasmosaurus had a more elongated frill, a small nose horn, and relatively modest brow horns. It was a quadrupedal herbivore with a strong parrot-like beak, shearing dental batteries, sturdy limbs, and a heavy body adapted for processing tough vegetation. The large frill may have helped with display, species recognition, or social signaling. Chasmosaurus lived in ancient coastal plains and floodplain environments that supported diverse communities of ceratopsians and hadrosaurs.",https://res.cloudinary.com/dhx7maf56/image/upload/v1780239429/4047a1f8-b36d-474c-afd9-7753bf875e43.png,Chasmosaurus illustration,"{""class"":""Reptilia"",""genus"":""Chasmosaurus"",""order"":""Ornithischia"",""family"":""Ceratopsidae"",""phylum"":""Chordata"",""kingdom"":""Animalia"",""species"":""C. belli""}","[""Large neck frill"",""Small brow horns"",""Quadrupedal"",""Beaked jaw""]",Multiple complete skeletons and skulls,1914,"Alberta, Canada",https://res.cloudinary.com/dhx7maf56/image/upload/v1781018285/2d1e4dc5-66bd-4cbe-8deb-e49edd634473.png,,
coelophysis,Coelophysis,Coelophysis bauri,Triassic,3,20,Carnivore,"Coelophysis bauri was a small, slender Late Triassic theropod from North America and one of the best-known early dinosaurs. It had a long narrow skull, sharp teeth, a slim neck, lightweight hollow bones, long hindlimbs, grasping forelimbs, and a long balancing tail. Compared with later theropods, Coelophysis was lightly built and relatively simple in body form, showing many features of early dinosaur evolution. It was probably a quick and agile predator that fed on small vertebrates, insects, and other available prey. Large numbers of fossils from Ghost Ranch in New Mexico make Coelophysis especially important for understanding early dinosaur biology and growth.",https://res.cloudinary.com/dhx7maf56/image/upload/v1780239509/3486b3b4-c1dc-457e-8aed-6bd5e750f150.png,Coelophysis illustration,"{""class"":""Reptilia"",""genus"":""Coelophysis"",""order"":""Saurischia"",""family"":""Coelophysidae"",""phylum"":""Chordata"",""kingdom"":""Animalia"",""species"":""C. bauri""}","[""Lightweight build"",""Fast runner"",""Hollow bones"",""Pack hunter""]",Thousands of skeletons in a massive bonebed,1889,"New Mexico, USA",https://res.cloudinary.com/dhx7maf56/image/upload/v1781018679/c933062b-853e-4801-94a7-0be82e837d44.png,,
compsognathus,Compsognathus,Compsognathus longipes,Jurassic,1,3,Carnivore,"Compsognathus longipes was a very small Late Jurassic theropod from Europe, famous for its delicate build and historically for being one of the smallest known non-avian dinosaurs. It had a narrow skull, small sharp teeth, slender legs, grasping forelimbs, and a long tail that made up much of its body length. Compsognathus was not a baby of a larger dinosaur, but a small adult predator adapted to catching insects, lizards, and other tiny animals. Its fossils have been found in lagoonal environments, giving insight into small dinosaur life in island-like European ecosystems. Because its soft tissue is not well known, reconstructions should remain conservative and avoid excessive feathering unless presented as plausible inference from related theropods.",https://res.cloudinary.com/dhx7maf56/image/upload/v1780239591/2b18f377-dc82-40a1-972d-431c3842d2cc.png,Compsognathus illustration,"{""class"":""Reptilia"",""genus"":""Compsognathus"",""order"":""Saurischia"",""family"":""Compsognathidae"",""phylum"":""Chordata"",""kingdom"":""Animalia"",""species"":""C. longipes""}","[""Very small size"",""Fast runner"",""Bipedal"",""Sharp teeth""]",Two nearly complete skeletons,1859,"Germany, France",https://res.cloudinary.com/dhx7maf56/image/upload/v1781018831/ed93f3e0-f7cb-4932-9466-d33faa521986.png,,
concavenator,Concavenator,Concavenator corcovatus,Cretaceous,6.0,400,Carnivore,"Concavenator corcovatus was an Early Cretaceous carcharodontosaurian theropod from Spain, known for the unusual raised hump or crest formed by tall vertebral spines near the hips. It had a long predatory skull, sharp teeth, three-fingered forelimbs, strong hindlimbs, and a long balancing tail. Concavenator was much smaller than giant relatives such as Giganotosaurus or Carcharodontosaurus. Its distinctive back profile makes it visually unique among theropods, although the function of the hump or ridge remains uncertain. It was likely an active predator in wetland or floodplain environments.",https://res.cloudinary.com/dhx7maf56/image/upload/v1780748231/008ca56c-8c58-4e03-8898-085f138d4a2e.png,Concavenator illustration,"{""class"":""Reptilia"",""genus"":""Concavenator"",""order"":""Saurischia"",""family"":""Carcharodontosauridae"",""phylum"":""Chordata"",""kingdom"":""Animalia"",""species"":""C. corcovatus""}","[""Back hump"",""Medium theropod"",""Three-fingered hands"",""Carnivore"",""Spanish dinosaur""]",Nearly complete skeleton,2010,"Cuenca, Spain",https://res.cloudinary.com/dhx7maf56/image/upload/v1781018908/d26120b8-be97-48b4-bd8d-768247a931d8.png,,
corythosaurus,Corythosaurus,Corythosaurus casuarius,Cretaceous,9,4000,Herbivore,"Corythosaurus was a Late Cretaceous lambeosaurine hadrosaur from North America, best recognized by the tall rounded helmet-like crest on top of its skull. This hollow crest was connected to the nasal passages and may have played a role in vocalization, display, or species recognition. Corythosaurus had a broad duck-billed snout, complex dental batteries for grinding vegetation, a deep herbivorous body, strong hindlimbs, sturdy forelimbs, and a long muscular tail. It could move on all fours but may also have used a bipedal posture when needed. Its crest clearly separates it from crestless hadrosaurs such as Edmontosaurus and from tube-crested relatives such as Parasaurolophus.",https://res.cloudinary.com/dhx7maf56/image/upload/v1780240309/b557bfb1-8d51-46c6-9442-3d3497f538c6.png,Corythosaurus illustration,"{""class"":""Reptilia"",""genus"":""Corythosaurus"",""order"":""Ornithischia"",""family"":""Hadrosauridae"",""phylum"":""Chordata"",""kingdom"":""Animalia"",""species"":""C. casuarius""}","[""Helmet-like crest"",""Duck-billed"",""Herbivore"",""Quadrupedal and Bipedal""]",Numerous complete skeletons,1912,"Alberta, Canada",https://res.cloudinary.com/dhx7maf56/image/upload/v1781019001/e11623be-4df6-491d-8920-475dceb3dd03.png,,
daspletosaurus,Daspletosaurus,Daspletosaurus torosus,Cretaceous,9.0,3000,Carnivore,"Daspletosaurus torosus was a Late Cretaceous tyrannosaurid from North America and a close relative of Tyrannosaurus rex. It had a deep skull, powerful jaws, small two-fingered arms, strong hindlimbs, and a heavy predatory body. Compared with Albertosaurus and Gorgosaurus, Daspletosaurus was more robust, representing a heavier tyrannosaurine body plan. It likely hunted large herbivores such as ceratopsians and hadrosaurs. Daspletosaurus is important for understanding the evolution of later giant tyrannosaurids and the diversity of large predators before T. rex.",https://res.cloudinary.com/dhx7maf56/image/upload/v1780748387/b0ac2205-5949-42a1-bced-b6f2f2ad0f59.png,Daspletosaurus illustration,"{""class"":""Reptilia"",""genus"":""Daspletosaurus"",""order"":""Saurischia"",""family"":""Tyrannosauridae"",""phylum"":""Chordata"",""kingdom"":""Animalia"",""species"":""D. torosus""}","[""Robust tyrannosaurid"",""Deep skull"",""Two-fingered arms"",""Carnivore"",""Powerful jaws""]",Skulls and partial skeletons,1970,"Alberta, Canada; Montana, USA",https://res.cloudinary.com/dhx7maf56/image/upload/v1781019060/44006b27-e68c-4fe5-8dd0-689e04ede1ea.png,,
deinonychus,Deinonychus,Deinonychus antirrhopus,Cretaceous,3.4,73,Carnivore,"Deinonychus antirrhopus was a medium-sized Early Cretaceous dromaeosaurid from North America and one of the most important dinosaurs in the history of paleontology. Its discovery helped support the idea that many dinosaurs were active, agile, bird-like animals rather than slow reptiles. Deinonychus had a narrow predatory skull, feathered body, long grasping forelimbs, a stiffened tail, strong hindlimbs, and a large sickle-shaped claw on the second toe of each foot. It was larger and more powerfully built than Velociraptor but smaller than Utahraptor. Deinonychus likely used its speed, claws, and jaws to subdue prey, although exact hunting behavior remains debated.",https://res.cloudinary.com/dhx7maf56/image/upload/v1780240376/f3b7c7d4-3c3d-41f1-8389-7449e7136239.png,Deinonychus illustration,"{""class"":""Reptilia"",""genus"":""Deinonychus"",""order"":""Saurischia"",""family"":""Dromaeosauridae"",""phylum"":""Chordata"",""kingdom"":""Animalia"",""species"":""D. antirrhopus""}","[""Large sickle claw"",""Feathered"",""Pack hunter"",""Bipedal""]",Multiple complete skeletons,1931,"Montana, USA",https://res.cloudinary.com/dhx7maf56/image/upload/v1781019474/ebbdd03c-a725-48d7-91b5-2d66ab4a031a.png,,
dilophosaurus,Dilophosaurus,Dilophosaurus wetherilli,Jurassic,7,400,Carnivore,"Dilophosaurus wetherilli was an Early Jurassic theropod from North America, famous for the pair of thin bony crests running along the top of its skull. It was a relatively large but lightly built predator with a long narrow skull, slender neck, functional forelimbs, long hindlimbs, and a long balancing tail. Unlike its fictional movie portrayal, there is no evidence that Dilophosaurus had a neck frill or venom-spitting ability. Its paired cranial crests were likely used for display or species recognition rather than combat. Dilophosaurus represents an early stage in theropod evolution, combining a graceful body plan with distinctive skull ornamentation.",https://res.cloudinary.com/dhx7maf56/image/upload/v1780240539/035ae189-978a-4d2a-bcaa-c44a3bdf70cd.png,Dilophosaurus illustration,"{""class"":""Reptilia"",""genus"":""Dilophosaurus"",""order"":""Saurischia"",""family"":""Dilophosauridae"",""phylum"":""Chordata"",""kingdom"":""Animalia"",""species"":""D. wetherilli""}","[""Twin head crests"",""Slender build"",""Bipedal predator"",""Sharp teeth""]",Several partial skeletons,1942,"Arizona, USA",https://res.cloudinary.com/dhx7maf56/image/upload/v1781019562/c354766f-2c8a-48db-99e1-548c6bbe0233.png,,
diplodocus,Diplodocus,Diplodocus carnegii,Jurassic,27,15000,Herbivore,"Diplodocus was a very long Late Jurassic diplodocid sauropod from North America, famous for its small head, long slender neck, shallow body, and extremely long whip-like tail. Compared with Apatosaurus, Diplodocus was more elongated and lightly built, with a lower body profile and a much more graceful silhouette. It was a quadrupedal herbivore that likely used its peg-like teeth to strip or crop vegetation rather than chew it. Its long neck and tail helped create one of the most recognizable sauropod body plans in dinosaur paleontology. Diplodocus lived in the Morrison Formation alongside other iconic dinosaurs such as Allosaurus, Stegosaurus, Apatosaurus, and Camarasaurus.",https://res.cloudinary.com/dhx7maf56/image/upload/v1780240649/ba8a4f0e-1c82-4f9c-a54f-bf2fcc9ac660.png,Diplodocus illustration,"{""class"":""Reptilia"",""genus"":""Diplodocus"",""order"":""Saurischia"",""family"":""Diplodocidae"",""phylum"":""Chordata"",""kingdom"":""Animalia"",""species"":""D. carnegii""}","[""Whip-like tail"",""Extremely long neck"",""Peg-like teeth"",""Quadrupedal""]",Multiple complete skeletons,1878,"Wyoming/Colorado, USA",https://res.cloudinary.com/dhx7maf56/image/upload/v1781019632/60724b28-d0d8-4b57-895c-952496b00f48.png,,
dreadnoughtus,Dreadnoughtus,Dreadnoughtus schrani,Cretaceous,26.0,59000,Herbivore,"Dreadnoughtus schrani was a giant Late Cretaceous titanosaur from Argentina, notable for being represented by a relatively complete skeleton for such an enormous sauropod. It had a massive torso, long neck, long tail, and strong weight-bearing limbs. Its name means “fears nothing,” reflecting its gigantic size and defensive advantage as an adult. Dreadnoughtus is especially valuable because many giant titanosaurs are known only from fragmentary remains, while this genus preserves more of the body plan.",https://res.cloudinary.com/dhx7maf56/image/upload/v1780748510/be11dd55-5c26-47c4-9d65-5945f7be0409.png,Dreadnoughtus illustration,"{""class"":""Reptilia"",""genus"":""Dreadnoughtus"",""order"":""Saurischia"",""family"":""Titanosauria"",""phylum"":""Chordata"",""kingdom"":""Animalia"",""species"":""D. schrani""}","[""Giant titanosaur"",""Massive size"",""Long neck"",""Quadrupedal"",""Well-preserved skeleton""]",Relatively complete partial skeleton,2014,"Santa Cruz Province, Argentina",https://res.cloudinary.com/dhx7maf56/image/upload/v1781019710/7fc52523-c16f-4c80-acdf-d1830db10c3d.png,,
edmontosaurus,Edmontosaurus,Edmontosaurus regalis,Cretaceous,12,4000,Herbivore,"Edmontosaurus was a large Late Cretaceous hadrosaurid from North America and one of the best-known crestless duck-billed dinosaurs. It had a broad flattened beak, long skull, complex dental batteries, deep herbivorous torso, sturdy forelimbs, powerful hindlimbs, and a long muscular tail. Unlike Corythosaurus or Parasaurolophus, Edmontosaurus lacked a tall hollow cranial crest, giving it a plainer but very distinctive head profile. Fossil evidence, including skin impressions and exceptionally preserved specimens, has made Edmontosaurus important for understanding hadrosaur soft tissue and skin texture. It was a highly successful herbivore that lived near the end of the Cretaceous alongside Tyrannosaurus rex and Triceratops.",https://res.cloudinary.com/dhx7maf56/image/upload/v1780240768/505422e0-4e7b-4fef-a6a2-2ff7be45d7a8.png,Edmontosaurus illustration,"{""class"":""Reptilia"",""genus"":""Edmontosaurus"",""order"":""Ornithischia"",""family"":""Hadrosauridae"",""phylum"":""Chordata"",""kingdom"":""Animalia"",""species"":""E. regalis""}","[""Duck-billed"",""Fleshy crest"",""Herd animal"",""Tooth batteries""]",Numerous complete skeletons and mummified remains,1917,North America,https://res.cloudinary.com/dhx7maf56/image/upload/v1781019784/0df57ce2-a450-413d-b105-a0e43d235408.png,,
eoraptor,Eoraptor,Eoraptor lunensis,Triassic,1.0,10,Omnivore,"Eoraptor lunensis was a small Late Triassic dinosaur from Argentina and one of the earliest known dinosaurs. It had a lightweight body, long tail, slender limbs, grasping hands, and a small skull with teeth suited to a varied diet. Eoraptor lived before the major dinosaur groups became dominant and helps show what early dinosaurs may have looked like. Its simple, generalized anatomy suggests it was an agile omnivore or small predator in the Ischigualasto ecosystem, alongside other early dinosaur relatives.",https://res.cloudinary.com/dhx7maf56/image/upload/v1780748926/405c2ca0-88d4-4e79-b66a-505365537081.png,Eoraptor illustration,"{""class"":""Reptilia"",""genus"":""Eoraptor"",""order"":""Saurischia"",""family"":""Eoraptoridae"",""phylum"":""Chordata"",""kingdom"":""Animalia"",""species"":""E. lunensis""}","[""Early dinosaur"",""Small body"",""Long tail"",""Agile"",""Omnivorous diet""]",Partial skeletons,1993,"San Juan Province, Argentina",https://res.cloudinary.com/dhx7maf56/image/upload/v1781020242/304b113b-c468-4c11-9bb0-aa1ebe5d11fe.png,,
euoplocephalus,Euoplocephalus,Euoplocephalus tutus,Cretaceous,6.0,2500,Herbivore,"Euoplocephalus tutus was a Late Cretaceous ankylosaurid from North America, closely related to Ankylosaurus but generally better represented by fossil material. It had a wide armored body, bony osteoderms, a low skull, short sturdy limbs, and a stiff tail ending in a bony club. Unlike nodosaurids, Euoplocephalus had a true tail club. Its armor likely protected it from predators, while the tail club may have been used for defense or intraspecific combat. It is one of the classic armored dinosaurs of Alberta.",https://res.cloudinary.com/dhx7maf56/image/upload/v1780749045/dada1c64-37b3-4322-b966-80d8c2fc2f29.png,Euoplocephalus illustration,"{""class"":""Reptilia"",""genus"":""Euoplocephalus"",""order"":""Ornithischia"",""family"":""Ankylosauridae"",""phylum"":""Chordata"",""kingdom"":""Animalia"",""species"":""E. tutus""}","[""Armored body"",""Tail club"",""Low posture"",""Quadrupedal"",""Ankylosaurid""]","Skulls, skeletons, and armor remains",1910,"Alberta, Canada; Montana, USA",https://res.cloudinary.com/dhx7maf56/image/upload/v1781020321/9b283ab1-e318-4255-9f9d-7726f2894297.png,,
gallimimus,Gallimimus,Gallimimus bullatus,Cretaceous,6,440,Omnivore,"Gallimimus bullatus was a large Late Cretaceous ornithomimid from Mongolia, often described as an “ostrich mimic” because of its long neck, small toothless head, lightweight body, long arms, very long running legs, and long balancing tail. It was one of the largest known ornithomimids and was probably a fast cursorial animal adapted for life in open environments. Gallimimus had a beak instead of teeth and may have been omnivorous, feeding on plants, small animals, eggs, or other available food sources. Like other ornithomimosaurs, it may have had simple feathers or filament-like body covering, although reconstructions should remain conservative. It should not be confused with raptors, which had predatory teeth and sickle claws.",https://res.cloudinary.com/dhx7maf56/image/upload/v1780241376/dc406f5a-e083-4a52-8d9d-43868be89c73.png,Gallimimus illustration,"{""class"":""Reptilia"",""genus"":""Gallimimus"",""order"":""Saurischia"",""family"":""Ornithomimidae"",""phylum"":""Chordata"",""kingdom"":""Animalia"",""species"":""G. bullatus""}","[""Ostrich-like build"",""Toothless beak"",""Fast runner"",""Long neck""]",Multiple complete skeletons,1965,Mongolia,https://res.cloudinary.com/dhx7maf56/image/upload/v1781020442/4575fb1a-73dd-460d-ba67-4f87306b08d4.png,,
giganotosaurus,Giganotosaurus,Giganotosaurus carolinii,Cretaceous,12.5,8000,Carnivore,"Giganotosaurus carolinii was a gigantic Late Cretaceous carcharodontosaurid theropod from Patagonia, Argentina. It was one of the largest known meat-eating dinosaurs, comparable in size to Tyrannosaurus rex but built with a different body plan. Giganotosaurus had a long, low skull, blade-like serrated teeth, three-fingered forelimbs, powerful hindlimbs, and a long tail for balance. Unlike T. rex, it did not have a short deep skull or tiny two-fingered arms; instead, it belonged to the allosauroid lineage of giant predators. Its anatomy suggests a massive predator adapted for slicing flesh from large prey, possibly including enormous sauropods that lived in the same South American ecosystems.",https://res.cloudinary.com/dhx7maf56/image/upload/v1780241486/e3e68e25-fabf-427e-806f-9dad68cccadc.png,Giganotosaurus illustration,"{""class"":""Reptilia"",""genus"":""Giganotosaurus"",""order"":""Saurischia"",""family"":""Carcharodontosauridae"",""phylum"":""Chordata"",""kingdom"":""Animalia"",""species"":""G. carolinii""}","[""Massive size"",""Blade-like teeth"",""Bipedal predator"",""Large skull""]",Partial skeletons,1993,Argentina,https://res.cloudinary.com/dhx7maf56/image/upload/v1781020539/788ba0d1-e6f3-41e0-9478-b7698006f9fa.png,,
gorgosaurus,Gorgosaurus,Gorgosaurus libratus,Cretaceous,9,2500,Carnivore,"Gorgosaurus libratus was a Late Cretaceous tyrannosaurid from western North America and a close relative of Albertosaurus. It had a large but relatively narrow skull, strong jaws, small two-fingered arms, long powerful legs, and a muscular tail for balance. Compared with Tyrannosaurus rex, Gorgosaurus was lighter, slimmer, and more agile, representing the gracile albertosaurine branch of tyrannosaur evolution. It likely hunted hadrosaurs, ceratopsians, and other herbivorous dinosaurs in ancient floodplain environments. Gorgosaurus is known from several well-preserved skeletons, making it one of the more informative tyrannosaurids for understanding growth, anatomy, and predator diversity before the final age of T. rex.",https://res.cloudinary.com/dhx7maf56/image/upload/v1780241662/e8df3bf6-e9b8-4a5e-893e-cd5717c342a0.png,Gorgosaurus illustration,"{""class"":""Reptilia"",""genus"":""Gorgosaurus"",""order"":""Saurischia"",""family"":""Tyrannosauridae"",""phylum"":""Chordata"",""kingdom"":""Animalia"",""species"":""G. libratus""}","[""Apex predator"",""Fast runner"",""Bipedal"",""Sharp serrated teeth""]",Dozens of complete skeletons,1914,"Alberta, Canada",https://res.cloudinary.com/dhx7maf56/image/upload/v1781020621/07a421a8-6dd9-4fc0-8adf-e4bde27fbfa7.png,,
gryposaurus,Gryposaurus,Gryposaurus notabilis,Cretaceous,9,4000,Herbivore,"Gryposaurus notabilis was a Late Cretaceous hadrosaurid from North America, best known for its distinctive arched “hook-nosed” skull profile. Like other hadrosaurs, it had a broad duck-billed beak, complex dental batteries for grinding plants, a deep herbivorous torso, strong hindlimbs, sturdy forelimbs, and a long muscular tail. Unlike crest-bearing relatives such as Corythosaurus or Parasaurolophus, Gryposaurus did not have a tall hollow crest; its identity came from the raised nasal arch over the snout. It was probably a herd-living herbivore that browsed on a variety of vegetation in floodplains and coastal lowlands. Its unusual skull shape may have helped with species recognition or display.",https://res.cloudinary.com/dhx7maf56/image/upload/v1780241767/ba469bb0-4e10-4a70-a610-8038c12a0329.png,Gryposaurus illustration,"{""class"":""Reptilia"",""genus"":""Gryposaurus"",""order"":""Ornithischia"",""family"":""Hadrosauridae"",""phylum"":""Chordata"",""kingdom"":""Animalia"",""species"":""G. notabilis""}","[""Arched nasal bump"",""Duck-billed"",""Herd animal"",""Herbivorous""]",Numerous complete skulls and skeletons,1914,"Alberta, Canada",https://res.cloudinary.com/dhx7maf56/image/upload/v1781021357/b07780ab-ca14-4648-af2b-213f65429fa0.png,,
herrerasaurus,Herrerasaurus,Herrerasaurus ischigualastensis,Triassic,6,350,Carnivore,"Herrerasaurus ischigualastensis was a Late Triassic dinosaur from Argentina and one of the earliest well-known predatory dinosaurs. It had a long skull with sharp teeth, functional grasping forelimbs, strong hindlimbs, and a long balancing tail. Herrerasaurus lived before the major dinosaur groups had fully diversified, so its anatomy appears more primitive and transitional than later Jurassic and Cretaceous theropods. It was a medium-sized bipedal predator that likely hunted small to medium-sized animals in the Ischigualasto Formation ecosystem. Because of its early position in dinosaur evolution, Herrerasaurus is important for understanding how saurischian dinosaurs and later theropod-like body plans developed.",https://res.cloudinary.com/dhx7maf56/image/upload/v1780241876/5b268fab-2f7d-4946-9f96-f06472690ba8.png,Herrerasaurus illustration,"{""class"":""Reptilia"",""genus"":""Herrerasaurus"",""order"":""Saurischia"",""family"":""Herrerasauridae"",""phylum"":""Chordata"",""kingdom"":""Animalia"",""species"":""H. ischigualastensis""}","[""Early dinosaur"",""Slender build"",""Bipedal"",""Double-hinged jaw""]",Several well-preserved skeletons,1963,Argentina,https://res.cloudinary.com/dhx7maf56/image/upload/v1781021403/90fcd5ce-237b-4737-bd64-df406a5681d2.png,,
iguanodon,Iguanodon,Iguanodon bernissartensis,Cretaceous,10,3000,Herbivore,"Iguanodon bernissartensis was a large Early Cretaceous ornithopod from Europe and one of the most historically important dinosaurs ever discovered. It had a robust herbivorous body, strong hindlimbs, powerful forelimbs, a beaked skull, grinding teeth, and a long stiff tail. Its most famous feature was the large conical thumb spike on each hand, which may have been used for defense, feeding, or social interaction. Iguanodon could probably move both on all fours and on its hind legs, but modern reconstructions avoid the outdated tail-dragging kangaroo posture. It was a successful plant-eating dinosaur that helps bridge the evolutionary gap between earlier ornithopods and later hadrosaur-like herbivores.",https://res.cloudinary.com/dhx7maf56/image/upload/v1780416741/3cbc4fb5-c713-4c74-8852-db59d24666c8.png,Iguanodon illustration,"{""class"":""Reptilia"",""genus"":""Iguanodon"",""order"":""Ornithischia"",""family"":""Iguanodontidae"",""phylum"":""Chordata"",""kingdom"":""Animalia"",""species"":""I. bernissartensis""}","[""Thumb spike"",""Prehensile fifth finger"",""Facultative biped"",""Beak""]",Many complete skeletons,1825,Europe,https://res.cloudinary.com/dhx7maf56/image/upload/v1781021503/70dc1bdc-10a3-47ee-bb0a-5f02b7fae203.png,,
kentrosaurus,Kentrosaurus,Kentrosaurus aethiopicus,Jurassic,4.5,1000,Herbivore,"Kentrosaurus aethiopicus was a Late Jurassic stegosaurid from East Africa, closely related to Stegosaurus but visually very different. It had a small head, low browsing posture, arched back, short forelimbs, longer hindlimbs, and a series of small plates along the front of the body that transitioned into long sharp spikes over the hips and tail. Unlike Stegosaurus, which is famous for broad upright plates, Kentrosaurus had a more spike-dominated defensive silhouette. Its tail spikes would have been important for protection against predators. Kentrosaurus was a quadrupedal herbivore that likely fed on low vegetation in the ancient Tendaguru ecosystem.",https://res.cloudinary.com/dhx7maf56/image/upload/v1780417240/b05b3051-7c1c-4f5a-82b2-1969668aa491.png,Kentrosaurus illustration,"{""class"":""Reptilia"",""genus"":""Kentrosaurus"",""order"":""Ornithischia"",""family"":""Stegosauridae"",""phylum"":""Chordata"",""kingdom"":""Animalia"",""species"":""K. aethiopicus""}","[""Shoulder spikes"",""Tail spikes"",""Quadrupedal"",""Armored back""]",Multiple partial skeletons,1909,Tanzania,https://res.cloudinary.com/dhx7maf56/image/upload/v1781021580/dea1c69b-3feb-462f-bcbd-cc6cd4e1af0a.png,,
lambeosaurus,Lambeosaurus,Lambeosaurus lambei,Cretaceous,9.0,5000,Herbivore,"Lambeosaurus lambei was a Late Cretaceous lambeosaurine hadrosaur from North America, known for its distinctive hatchet-shaped hollow cranial crest. Like other hadrosaurs, it had a broad duck-billed beak, complex dental batteries, strong hindlimbs, sturdy forelimbs, and a long muscular tail. Its crest may have been used for display, species recognition, or sound production. Lambeosaurus should not be confused with Corythosaurus, which had a more rounded helmet-like crest, or Parasaurolophus, which had a long backward tube crest.",https://res.cloudinary.com/dhx7maf56/image/upload/v1780749215/87a413a2-66b3-465c-a121-e26dd788e205.png,Lambeosaurus illustration,"{""class"":""Reptilia"",""genus"":""Lambeosaurus"",""order"":""Ornithischia"",""family"":""Hadrosauridae"",""phylum"":""Chordata"",""kingdom"":""Animalia"",""species"":""L. lambei""}","[""Hatchet-shaped crest"",""Duck-billed beak"",""Dental batteries"",""Quadrupedal or bipedal"",""Hadrosaur""]",Skulls and partial skeletons,1923,"Alberta, Canada",https://res.cloudinary.com/dhx7maf56/image/upload/v1781021674/f7a44579-d934-4f44-99b1-0472b31ae0b9.png,,
maiasaura,Maiasaura,Maiasaura peeblesorum,Cretaceous,9,4000,Herbivore,"Maiasaura peeblesorum was a large Late Cretaceous hadrosaurid from North America, famous for fossil nesting sites that helped reveal evidence of dinosaur social and reproductive behavior. Its name means “good mother lizard,” reflecting the discovery of nests, eggs, juveniles, and adults together in large nesting colonies. Anatomically, Maiasaura had a broad duck-billed beak, dental batteries for chewing plants, a deep torso, sturdy forelimbs, powerful hindlimbs, and a long muscular tail. It lacked the dramatic hollow crests seen in lambeosaurines such as Corythosaurus or Parasaurolophus. Maiasaura was likely a herd-living herbivore that moved across floodplains and seasonal environments in large groups.",https://res.cloudinary.com/dhx7maf56/image/upload/v1780417501/3be73cf8-d84b-4497-9d5b-027b08b7858e.png,Maiasaura illustration,"{""class"":""Reptilia"",""genus"":""Maiasaura"",""order"":""Ornithischia"",""family"":""Hadrosauridae"",""phylum"":""Chordata"",""kingdom"":""Animalia"",""species"":""M. peeblesorum""}","[""Duck-billed"",""Nesting behavior"",""Herd animal"",""Herbivore""]",Hundreds of skeletons and nests,1978,"Montana, USA",https://res.cloudinary.com/dhx7maf56/image/upload/v1781101228/70b16b7d-84a7-4f7b-bdc6-9108fcf8e6e4.png,,
majungasaurus,Majungasaurus,Majungasaurus crenatissimus,Cretaceous,7,1100,Carnivore,"Majungasaurus crenatissimus was a Late Cretaceous abelisaurid theropod from Madagascar, known for its short deep skull, rough-textured facial bones, small cranial ornamentation, tiny forelimbs, muscular neck, and compact predatory body. Unlike Carnotaurus, it did not have large paired brow horns; instead, its skull had a rugose surface and low ornamentation on the skull roof. Majungasaurus had powerful jaws and sharp teeth, making it the dominant predator of the Maevarano Formation ecosystem. Fossil evidence suggests it may have fed on sauropods and possibly even members of its own species, although behavior should be interpreted cautiously. It is one of the best-known abelisaurids and important for understanding southern-hemisphere theropod evolution.",https://res.cloudinary.com/dhx7maf56/image/upload/v1780417753/7c0698cf-b392-4654-b1aa-b5d0aab3d59a.png,Majungasaurus illustration,"{""class"":""Reptilia"",""genus"":""Majungasaurus"",""order"":""Saurischia"",""family"":""Abelisauridae"",""phylum"":""Chordata"",""kingdom"":""Animalia"",""species"":""M. crenatissimus""}","[""Short snout"",""Head dome/horn"",""Cannibalistic evidence"",""Tiny arms""]",Multiple skulls and partial skeletons,1896,Madagascar,https://res.cloudinary.com/dhx7maf56/image/upload/v1781101302/bdcad6b1-6c79-486e-8949-43d81fa1bb0e.png,,
mamenchisaurus,Mamenchisaurus,Mamenchisaurus constructus,Jurassic,22,25000,Herbivore,"Mamenchisaurus was a Late Jurassic sauropod from China, famous for having one of the longest necks of any known dinosaur. Its body plan included a very small head, extraordinarily elongated neck, large quadrupedal torso, sturdy limbs, and a long balancing tail. Unlike Brachiosaurus, it did not have a strongly high-shouldered body with longer forelimbs; unlike Diplodocus, its defining feature was the extreme length of the neck rather than an exceptionally whip-like tail. Mamenchisaurus likely used its long neck to browse over a wide feeding area without moving its heavy body as much. Different species of Mamenchisaurus vary in size, so reconstructions should specify the species when exact proportions are required.",https://res.cloudinary.com/dhx7maf56/image/upload/v1780418017/907cc5d2-0e9b-460e-802a-b609c5523b25.png,Mamenchisaurus illustration,"{""class"":""Reptilia"",""genus"":""Mamenchisaurus"",""order"":""Saurischia"",""family"":""Mamenchisauridae"",""phylum"":""Chordata"",""kingdom"":""Animalia"",""species"":""M. constructus""}","[""Extraordinarily long neck"",""Massive size"",""Quadrupedal"",""Spatula-shaped teeth""]",Several partial and complete skeletons,1954,"Sichuan, China",https://res.cloudinary.com/dhx7maf56/image/upload/v1781101402/ae19214c-0948-4c21-9448-0441031f4e18.png,,
mapusaurus,Mapusaurus,Mapusaurus roseae,Cretaceous,10.2,4000,Carnivore,"Mapusaurus roseae was a giant Late Cretaceous carcharodontosaurid theropod from Argentina, closely related to Giganotosaurus. It had a long low skull, blade-like serrated teeth, three-fingered forelimbs, powerful hindlimbs, and a long balancing tail. Fossils of multiple individuals found together have led to discussion about possible social behavior, although this remains uncertain. Mapusaurus lived in ecosystems that included enormous sauropods, which may have formed part of its prey base. It should be reconstructed as a long-skulled allosauroid predator, not as a tyrannosaur.",https://res.cloudinary.com/dhx7maf56/image/upload/v1780749359/9509b368-971b-4e04-bf60-a711665d7579.png,Mapusaurus illustration,"{""class"":""Reptilia"",""genus"":""Mapusaurus"",""order"":""Saurischia"",""family"":""Carcharodontosauridae"",""phylum"":""Chordata"",""kingdom"":""Animalia"",""species"":""M. roseae""}","[""Giant carcharodontosaurid"",""Long skull"",""Blade-like teeth"",""South American predator"",""Group fossil site""]",Multiple partial skeletons,2006,"Neuquén Province, Argentina",https://res.cloudinary.com/dhx7maf56/image/upload/v1781101498/cdb16aa9-d923-4691-8e4b-78e19ca009df.png,,
masiakasaurus,Masiakasaurus,Masiakasaurus knopfleri,Cretaceous,2.0,35,Carnivore,"Masiakasaurus knopfleri was a small Late Cretaceous noasaurid theropod from Madagascar, famous for its unusual forward-projecting front teeth. These teeth gave the skull a strange appearance and may have helped it catch small prey such as fish, insects, or small vertebrates. Masiakasaurus had a lightweight body, long tail, and agile limbs. Unlike Majungasaurus, the large abelisaurid predator from the same region, Masiakasaurus was small and specialized. Its unique teeth make it one of the most recognizable small theropods.",https://res.cloudinary.com/dhx7maf56/image/upload/v1780749403/9558b710-0923-4a5d-916a-dd9c463d84bf.png,Masiakasaurus illustration,"{""class"":""Reptilia"",""genus"":""Masiakasaurus"",""order"":""Saurischia"",""family"":""Noasauridae"",""phylum"":""Chordata"",""kingdom"":""Animalia"",""species"":""M. knopfleri""}","[""Forward-projecting teeth"",""Small theropod"",""Agile body"",""Madagascar dinosaur"",""Specialized jaws""]",Partial skeletons and skull material,2001,Madagascar,https://res.cloudinary.com/dhx7maf56/image/upload/v1781101558/896a06e5-5c02-4390-9602-de002ab62d85.png,,
megalosaurus,Megalosaurus,Megalosaurus bucklandii,Jurassic,6,700,Carnivore,"Megalosaurus bucklandii was a Middle Jurassic theropod from England and one of the most historically significant dinosaurs because it was among the first dinosaurs ever scientifically named. It was a robust meat-eating dinosaur with a large skull, sharp serrated teeth, strong hindlimbs, functional three-fingered forelimbs, and a long balancing tail. Because many fragmentary theropod fossils were once incorrectly assigned to Megalosaurus, modern reconstructions should be conservative and based on reliable material. Megalosaurus was not a tyrannosaur and should not be depicted with a boxy T. rex-like skull or tiny arms. It represents an important early-known large theropod from Middle Jurassic ecosystems of Britain.",https://res.cloudinary.com/dhx7maf56/image/upload/v1780419642/dcf9c4b5-9d7c-4a7f-b631-a1f9a39ec926.png,Megalosaurus illustration,"{""class"":""Reptilia"",""genus"":""Megalosaurus"",""order"":""Saurischia"",""family"":""Megalosauridae"",""phylum"":""Chordata"",""kingdom"":""Animalia"",""species"":""M. bucklandii""}","[""First named dinosaur"",""Robust build"",""Bipedal predator"",""Sharp teeth""]",Fragmentary remains including lower jaw,1824,England,https://res.cloudinary.com/dhx7maf56/image/upload/v1781101934/f90a15cb-e9ad-419b-8a4e-5fbb8a821543.png,,
microraptor,Microraptor,Microraptor zhaoianus,Cretaceous,1.2,1,Carnivore,"Microraptor was a very small Early Cretaceous dromaeosaurid from China and one of the most important feathered dinosaurs ever discovered. It had a slender body, small toothed skull, long bony tail, clawed hands, and extensive feathers on both the forelimbs and hindlimbs, creating a distinctive four-winged appearance. Unlike larger dromaeosaurids such as Deinonychus or Velociraptor, Microraptor was tiny and likely capable of gliding or controlled aerial movement between trees or elevated surfaces. Fossil evidence preserves detailed feather impressions, making it crucial for understanding the relationship between non-avian dinosaurs and birds. It should not be reconstructed as a naked scaly raptor or as a modern bird with a short tail.",https://res.cloudinary.com/dhx7maf56/image/upload/v1780419730/bd92ab9a-2deb-4308-8912-ba5aa0ca9410.png,Microraptor illustration,"{""class"":""Reptilia"",""genus"":""Microraptor"",""order"":""Saurischia"",""family"":""Dromaeosauridae"",""phylum"":""Chordata"",""kingdom"":""Animalia"",""species"":""M. zhaoianus""}","[""Four wings"",""Glider"",""Feathered"",""Arboreal""]",Over 300 fossil specimens,2000,"Liaoning, China",https://res.cloudinary.com/dhx7maf56/image/upload/v1781102016/daf5bc78-db20-4f4e-97fb-62e4043f6f6a.png,,
mononykus,Mononykus,Mononykus olecranus,Cretaceous,1.0,4,Insectivore,"Mononykus olecranus was a small Late Cretaceous alvarezsaurid from Mongolia, famous for its extremely reduced forelimbs ending in one large functional claw. It had long slender legs, a lightweight body, small head, and likely feather-like covering. Mononykus was not a raptor or a baby theropod; it belonged to a specialized group of small maniraptoran dinosaurs. Its powerful single-clawed arms may have been used for digging into insect nests or rotting wood, suggesting an insect-eating lifestyle. It is one of the strangest small theropods known.",https://res.cloudinary.com/dhx7maf56/image/upload/v1780749916/312cdc5a-e02e-47b6-af32-64e0134df546.png,Mononykus illustration,"{""class"":""Reptilia"",""genus"":""Mononykus"",""order"":""Saurischia"",""family"":""Alvarezsauridae"",""phylum"":""Chordata"",""kingdom"":""Animalia"",""species"":""M. olecranus""}","[""Single large claw"",""Tiny forelimbs"",""Small body"",""Fast legs"",""Possible insectivore""]",Partial skeletons,1993,Mongolia,https://res.cloudinary.com/dhx7maf56/image/upload/v1781102091/2d79ed41-22eb-4226-8846-eec402011e17.png,,
muttaburrasaurus,Muttaburrasaurus,Muttaburrasaurus langdoni,Cretaceous,8,2800,Herbivore,"Muttaburrasaurus langdoni was a large Early Cretaceous ornithopod from Australia, best recognized by its unusual rounded, bulbous snout. It had a sturdy herbivorous body, powerful hindlimbs, usable forelimbs, a long stiff tail, and a beaked mouth adapted for feeding on plants. Unlike Iguanodon, it did not have large thumb spikes, and unlike hadrosaurs, it did not have a true duck-billed skull or hollow cranial crest. The enlarged nasal region may have been connected to sound production, display, or other soft-tissue structures, although this remains uncertain. Muttaburrasaurus is one of the best-known Australian dinosaurs and represents a distinctive branch of large Gondwanan ornithopods.",https://res.cloudinary.com/dhx7maf56/image/upload/v1780419869/70764044-6691-4e7b-8967-769cafbd6743.png,Muttaburrasaurus illustration,"{""class"":""Reptilia"",""genus"":""Muttaburrasaurus"",""order"":""Ornithischia"",""family"":""Rhabdodontidae"",""phylum"":""Chordata"",""kingdom"":""Animalia"",""species"":""M. langdoni""}","[""Nasal bump"",""Powerful jaws"",""Facultative biped"",""Herbivorous""]",Partial skeleton and skull,1981,"Queensland, Australia",https://res.cloudinary.com/dhx7maf56/image/upload/v1781102174/04e790b5-126b-467d-9211-0f55ef1daad7.png,,
nigersaurus,Nigersaurus,Nigersaurus taqueti,Cretaceous,9.0,4000,Herbivore,"Nigersaurus taqueti was a strange Early Cretaceous sauropod from Niger, famous for its wide squared muzzle and hundreds of small replacement teeth. Unlike tall-browsing sauropods, Nigersaurus had a low head posture and was likely adapted for grazing or cropping low vegetation. Its skull was very lightweight and specialized, giving it one of the most unusual feeding adaptations among sauropods. Despite internet fame for its teeth, it was a real and scientifically important rebbachisaurid sauropod.",https://res.cloudinary.com/dhx7maf56/image/upload/v1780750028/38d3bd56-8f5f-45d3-95dd-a9e3f66251c2.png,Nigersaurus illustration,"{""class"":""Reptilia"",""genus"":""Nigersaurus"",""order"":""Saurischia"",""family"":""Rebbachisauridae"",""phylum"":""Chordata"",""kingdom"":""Animalia"",""species"":""N. taqueti""}","[""Wide muzzle"",""Hundreds of teeth"",""Low browser"",""Quadrupedal"",""Lightweight skull""]",Partial skeletons and skull material,1999,Niger,https://res.cloudinary.com/dhx7maf56/image/upload/v1781102252/99d35107-4148-412c-8314-8b37beee28c7.png,,
nodosaurus,Nodosaurus,Nodosaurus textilis,Cretaceous,5.5,1300,Herbivore,"Nodosaurus textilis was a Cretaceous armored dinosaur from North America and the namesake of the nodosaurid family. It had a low quadrupedal body covered with bony armor plates and nodules, but unlike ankylosaurids it did not have a tail club. Nodosaurus likely relied on its armor and possibly shoulder or side protection rather than a clubbed tail. It was a slow-moving herbivore that fed on low vegetation. Because its remains are incomplete, reconstructions often use better-known nodosaurids for comparison.",https://res.cloudinary.com/dhx7maf56/image/upload/v1780750309/bb8dfcc0-50eb-4ce9-aa5a-1bb434038574.png,Nodosaurus illustration,"{""class"":""Reptilia"",""genus"":""Nodosaurus"",""order"":""Ornithischia"",""family"":""Nodosauridae"",""phylum"":""Chordata"",""kingdom"":""Animalia"",""species"":""N. textilis""}","[""Armored body"",""No tail club"",""Quadrupedal"",""Low browser"",""Nodosaurid""]",Fragmentary skeleton and armor,1889,"Wyoming, Kansas, USA",https://res.cloudinary.com/dhx7maf56/image/upload/v1781102625/8a07a148-c2e7-433b-bc18-fa1c3a735021.png,,
ouranosaurus,Ouranosaurus,Ouranosaurus nigeriensis,Cretaceous,8.3,2200,Herbivore,"Ouranosaurus nigeriensis was a large Early Cretaceous iguanodontian herbivore from North Africa, famous for the tall neural spines along its back. These elongated spines may have supported a sail-like structure or a thicker soft-tissue ridge, although the exact appearance is still debated. Ouranosaurus had a broad herbivorous beak, strong hindlimbs, usable forelimbs, a long balancing tail, and a body plan generally similar to other iguanodontians. Unlike Spinosaurus, it was not a carnivorous theropod and did not have a crocodile-like skull. Its distinctive raised back profile makes it one of the most visually recognizable ornithopods from Cretaceous Africa.",https://res.cloudinary.com/dhx7maf56/image/upload/v1780419996/d28295fb-b10e-4dc3-a495-c21d909cccfe.png,Ouranosaurus illustration,"{""class"":""Reptilia"",""genus"":""Ouranosaurus"",""order"":""Ornithischia"",""family"":""Iguanodontidae"",""phylum"":""Chordata"",""kingdom"":""Animalia"",""species"":""O. nigeriensis""}","[""Back sail/hump"",""Thumb spike"",""Herbivore"",""Facultative biped""]",Two nearly complete skeletons,1976,Niger,https://res.cloudinary.com/dhx7maf56/image/upload/v1781102707/50036731-52e1-4a23-a419-e45ee1a7335f.png,,
oviraptor,Oviraptor,Oviraptor philoceratops,Cretaceous,1.5,33,Omnivore,"Oviraptor philoceratops was a small Late Cretaceous oviraptorosaur from Mongolia, known for its short deep skull, toothless beak, bird-like body, and likely feathered covering. Its name means “egg thief,” but this interpretation is now considered misleading because related fossils show oviraptorosaurs brooding their own nests rather than stealing eggs. Oviraptor had strong jaws, long arms, clawed hands, slender legs, and a relatively long feathered tail. It was probably omnivorous, feeding on a mixture of plants, small animals, eggs, or hard-shelled food depending on availability. Because some famous crested oviraptorosaur reconstructions are based on relatives such as Citipati, Oviraptor should be reconstructed conservatively.",https://res.cloudinary.com/dhx7maf56/image/upload/v1780420103/cdf3a939-5294-496d-bdcd-863651187178.png,Oviraptor illustration,"{""class"":""Reptilia"",""genus"":""Oviraptor"",""order"":""Saurischia"",""family"":""Oviraptoridae"",""phylum"":""Chordata"",""kingdom"":""Animalia"",""species"":""O. philoceratops""}","[""Toothless beak"",""Head crest"",""Feathered"",""Brooding behavior""]",Partial skeletons and eggs,1923,Mongolia,https://res.cloudinary.com/dhx7maf56/image/upload/v1781102786/9a50ac69-0317-40c6-b261-4881641ad079.png,,
pachycephalosaurus,Pachycephalosaurus,Pachycephalosaurus wyomingensis,Cretaceous,4.5,450,Herbivore,"Pachycephalosaurus wyomingensis was a Late Cretaceous ornithischian from North America, famous for its thick rounded skull dome. The dome was surrounded by smaller bony knobs and blunt spikes, giving the head a very distinctive profile. Pachycephalosaurus was a bipedal dinosaur with a compact body, short forelimbs, strong hindlimbs, a stiff balancing tail, and a small beaked snout. The function of its dome is still debated: it may have been used for display, species recognition, flank-butting, head-butting, or some combination of these behaviors. Because much of the body is reconstructed from related pachycephalosaurs, its postcranial proportions should be treated with some caution.",https://res.cloudinary.com/dhx7maf56/image/upload/v1780494016/1d1c5ed8-21ac-491d-9c9b-87ac0665e490.png,Pachycephalosaurus illustration,"{""class"":""Reptilia"",""genus"":""Pachycephalosaurus"",""order"":""Ornithischia"",""family"":""Pachycephalosauridae"",""phylum"":""Chordata"",""kingdom"":""Animalia"",""species"":""P. wyomingensis""}","[""Thick skull dome"",""Bipedal"",""Bony knobs on snout"",""Herbivorous""]",Nearly complete skull and partial skeletons,1931,"Montana, Wyoming, USA",https://res.cloudinary.com/dhx7maf56/image/upload/v1781102876/982c3824-7ade-4f2b-a023-a2eb401e1c2c.png,,
pachyrhinosaurus,Pachyrhinosaurus,Pachyrhinosaurus lakustai,Cretaceous,8,4000,Herbivore,"Pachyrhinosaurus was a Late Cretaceous centrosaurine ceratopsian from North America, best known for its large rough nasal boss instead of a tall nose horn. It had a powerful parrot-like beak, heavy skull, compact frill, smaller brow bosses, strong shoulders, and a massive quadrupedal body. Unlike Triceratops, it did not have long brow horns, and unlike Styracosaurus, it did not have a huge nasal horn with dramatic frill spikes. The thickened nasal boss may have been covered in keratin and could have played a role in display, combat, or species recognition. Pachyrhinosaurus was likely a herd-living herbivore adapted to northern Late Cretaceous environments.",https://res.cloudinary.com/dhx7maf56/image/upload/v1780494167/65555e1c-9c7e-449e-a834-7b430e64a1b0.png,Pachyrhinosaurus illustration,"{""class"":""Reptilia"",""genus"":""Pachyrhinosaurus"",""order"":""Ornithischia"",""family"":""Ceratopsidae"",""phylum"":""Chordata"",""kingdom"":""Animalia"",""species"":""P. lakustai""}","[""Bony boss on snout"",""Spiked frill"",""Quadrupedal"",""Herbivore""]",Multiple complete skeletons in massive bonebeds,1950,"Alberta, Canada",https://res.cloudinary.com/dhx7maf56/image/upload/v1781102957/2f0dd2da-6270-45e5-90da-06227c41703e.png,,
parasaurolophus,Parasaurolophus,Parasaurolophus walkeri,Cretaceous,10,2500,Herbivore,"Parasaurolophus walkeri was a Late Cretaceous lambeosaurine hadrosaur from North America, famous for its long backward-projecting hollow cranial crest. This tubular crest was connected to the nasal passages and may have been used for sound production, display, species recognition, or other biological functions. Parasaurolophus had a broad duck-billed beak, complex dental batteries for processing plants, sturdy forelimbs, powerful hindlimbs, and a long muscular tail. It could move on all fours but may also have shifted into a bipedal posture when needed. Its long crest clearly separates it from Corythosaurus, Lambeosaurus, Edmontosaurus, and other hadrosaurs.",https://res.cloudinary.com/dhx7maf56/image/upload/v1780494291/024e698a-ecd4-445a-a0d6-b8d38fdaa1aa.png,Parasaurolophus illustration,"{""class"":""Reptilia"",""genus"":""Parasaurolophus"",""order"":""Ornithischia"",""family"":""Hadrosauridae"",""phylum"":""Chordata"",""kingdom"":""Animalia"",""species"":""P. walkeri""}","[""Tubular head crest"",""Duck-billed"",""Can walk on 2 or 4 legs"",""Herbivorous""]",Partial skeletons,1922,"Alberta, New Mexico, Utah",https://res.cloudinary.com/dhx7maf56/image/upload/v1781103264/41907a47-bcd6-4b63-af6f-10f9959d6370.png,,
patagotitan,Patagotitan,Patagotitan mayorum,Cretaceous,31.0,57000,Herbivore,"Patagotitan mayorum was a gigantic Late Cretaceous titanosaur from Patagonia, Argentina, and is often listed among the largest land animals ever discovered. It had an enormous body, long neck, long tail, and powerful columnar limbs adapted to support extreme body mass. Although its exact size is still estimated from incomplete material, the known fossils show a truly colossal sauropod. Patagotitan is important for understanding the evolution of giant titanosaurs in South America.",https://res.cloudinary.com/dhx7maf56/image/upload/v1780750475/f2276f87-3e91-4358-a2a1-d86f8693426b.png,Patagotitan illustration,"{""class"":""Reptilia"",""genus"":""Patagotitan"",""order"":""Saurischia"",""family"":""Titanosauria"",""phylum"":""Chordata"",""kingdom"":""Animalia"",""species"":""P. mayorum""}","[""Giant titanosaur"",""Long neck"",""Massive body"",""Quadrupedal"",""Columnar limbs""]",Multiple partial skeletons,2017,"Chubut Province, Argentina",https://res.cloudinary.com/dhx7maf56/image/upload/v1781103343/575ef079-14c2-4bc9-8cfb-6d082eed6488.png,,
plateosaurus,Plateosaurus,Plateosaurus engelhardti,Triassic,8.0,4000,Herbivore,"Plateosaurus engelhardti was a Late Triassic sauropodomorph from Europe and one of the best-known early relatives of the giant sauropods. It had a long neck, small head, large grasping hands, strong hindlimbs, and a long tail. Unlike later sauropods, Plateosaurus was not fully quadrupedal and may have moved primarily on two legs while feeding on plants. Its fossils are abundant, making it important for understanding early dinosaur growth, herbivory, and the evolutionary path toward enormous sauropods.",https://res.cloudinary.com/dhx7maf56/image/upload/v1780750581/a71390e4-3d38-4887-ae1f-d14f444ef0bb.png,Plateosaurus illustration,"{""class"":""Reptilia"",""genus"":""Plateosaurus"",""order"":""Saurischia"",""family"":""Plateosauridae"",""phylum"":""Chordata"",""kingdom"":""Animalia"",""species"":""P. engelhardti""}","[""Early sauropodomorph"",""Long neck"",""Large hands"",""Bipedal herbivore"",""Triassic dinosaur""]",Many skeletons and bonebeds,1837,"Germany, Switzerland, France",https://res.cloudinary.com/dhx7maf56/image/upload/v1781103433/08605c1c-3a67-4661-8d4a-ea5df107fca8.png,,
protoceratops,Protoceratops,Protoceratops andrewsi,Cretaceous,1.8,180,Herbivore,"Protoceratops andrewsi was a small Late Cretaceous protoceratopsid from Mongolia, often described as an early relative of larger horned dinosaurs such as Triceratops. It had a proportionally large skull, strong parrot-like beak, modest neck frill, compact quadrupedal body, short limbs, and a medium-length tail. Unlike later ceratopsids, Protoceratops lacked large brow horns and did not have a huge nose horn. It was a low-slung herbivore adapted to dry desert-steppe environments, where it likely fed on tough vegetation. Numerous fossils, including growth stages and famous specimens preserved with Velociraptor, make Protoceratops one of the best-known small ceratopsians.",https://res.cloudinary.com/dhx7maf56/image/upload/v1780494417/0d52eccd-4d67-4795-8e97-243319e1d26d.png,Protoceratops illustration,"{""class"":""Reptilia"",""genus"":""Protoceratops"",""order"":""Ornithischia"",""family"":""Protoceratopsidae"",""phylum"":""Chordata"",""kingdom"":""Animalia"",""species"":""P. andrewsi""}","[""Neck frill"",""No horns"",""Beak"",""Quadrupedal""]",Hundreds of complete skeletons in all growth stages,1923,Mongolia,https://res.cloudinary.com/dhx7maf56/image/upload/v1781103525/d831b437-ca2f-4c1b-9066-f59e2b25fdf0.png,,
psittacosaurus,Psittacosaurus,Psittacosaurus mongoliensis,Cretaceous,2.0,20,Herbivore,"Psittacosaurus mongoliensis was a small Early Cretaceous ceratopsian from Asia and an early relative of later horned dinosaurs. Its name means “parrot lizard” because of its strong beaked skull. Unlike Triceratops or Protoceratops, Psittacosaurus was mostly bipedal and lacked a large frill or horns. Exceptional fossils preserve skin details and tail bristle-like structures, making it one of the most informative small ornithischians. It likely fed on low vegetation, seeds, and tough plant material.",https://res.cloudinary.com/dhx7maf56/image/upload/v1780750993/2297e462-9b0e-4c89-8800-bb141c97ebd5.png,Psittacosaurus illustration,"{""class"":""Reptilia"",""genus"":""Psittacosaurus"",""order"":""Ornithischia"",""family"":""Psittacosauridae"",""phylum"":""Chordata"",""kingdom"":""Animalia"",""species"":""P. mongoliensis""}","[""Parrot-like beak"",""Early ceratopsian"",""Small body"",""Tail bristles"",""Mostly bipedal""]","Many skeletons, including skin impressions",1923,"Mongolia, China",https://res.cloudinary.com/dhx7maf56/image/upload/v1781103593/71a02eed-ec16-415b-b3d7-78069915e6ac.png,,
saurolophus,Saurolophus,Saurolophus osborni,Cretaceous,9.8,4000,Herbivore,"Saurolophus osborni was a Late Cretaceous saurolophine hadrosaur known for its backward-projecting solid cranial crest. Unlike Parasaurolophus, its crest was not a long hollow tube, and unlike Edmontosaurus, it was not completely crestless. Saurolophus had a broad beak, dental batteries for chewing plants, a deep body, strong hindlimbs, sturdy forelimbs, and a long tail. It was a successful herbivore in Late Cretaceous ecosystems and is important for comparing crest evolution among hadrosaurs.",https://res.cloudinary.com/dhx7maf56/image/upload/v1780751076/e4f3f904-cac6-45f2-bec8-d4c4671c3a77.png,Saurolophus illustration,"{""class"":""Reptilia"",""genus"":""Saurolophus"",""order"":""Ornithischia"",""family"":""Hadrosauridae"",""phylum"":""Chordata"",""kingdom"":""Animalia"",""species"":""S. osborni""}","[""Backward crest"",""Duck-billed beak"",""Hadrosaur"",""Long tail"",""Herbivore""]",Skulls and partial skeletons,1912,"Alberta, Canada; Mongolia",https://res.cloudinary.com/dhx7maf56/image/upload/v1781103922/3f6d0916-4009-4b33-a618-5b41b1af2191.png,,
sauropelta,Sauropelta,Sauropelta edwardsorum,Cretaceous,5.2,1500,Herbivore,"Sauropelta edwardsorum was an Early Cretaceous nodosaurid from North America, famous for its heavy armor and long shoulder spikes. It had a low, broad quadrupedal body, bony plates across its back, strong limbs, a beaked mouth, and no tail club. The large shoulder spikes helped distinguish it from ankylosaurids such as Ankylosaurus or Euoplocephalus. Sauropelta was a slow-moving herbivore that likely relied on armor and defensive posture to survive attacks from predators. It is one of the best-known nodosaurids from North America.",https://res.cloudinary.com/dhx7maf56/image/upload/v1780751174/5fa37f2b-105e-4106-ba21-d74770715deb.png,Sauropelta illustration,"{""class"":""Reptilia"",""genus"":""Sauropelta"",""order"":""Ornithischia"",""family"":""Nodosauridae"",""phylum"":""Chordata"",""kingdom"":""Animalia"",""species"":""S. edwardsorum""}","[""Shoulder spikes"",""Armored body"",""No tail club"",""Quadrupedal"",""Nodosaurid""]",Partial skeletons and armor remains,1970,"Montana, Wyoming, USA",https://res.cloudinary.com/dhx7maf56/image/upload/v1781104019/2ec08293-6cab-42f0-adf0-9e0eb320ef08.png,,
sinosauropteryx,Sinosauropteryx,Sinosauropteryx prima,Cretaceous,1.0,1,Carnivore,"Sinosauropteryx prima was a small Early Cretaceous theropod from China and one of the first non-avian dinosaurs discovered with clear fossil evidence of filament-like feathers. It had a slender body, long tail, small skull, sharp teeth, and simple fuzzy covering rather than modern flight feathers. Fossil evidence even preserves hints of color patterning, including a banded tail in some interpretations. Sinosauropteryx is extremely important for understanding the origin of feathers and the close relationship between dinosaurs and birds.",https://res.cloudinary.com/dhx7maf56/image/upload/v1780751260/026999cb-0270-4eed-92fd-1baa23964478.png,Sinosauropteryx illustration,"{""class"":""Reptilia"",""genus"":""Sinosauropteryx"",""order"":""Saurischia"",""family"":""Compsognathidae"",""phylum"":""Chordata"",""kingdom"":""Animalia"",""species"":""S. prima""}","[""Filament-like feathers"",""Long tail"",""Small theropod"",""Banded tail"",""Important feather fossil""]",Skeletons with feather impressions,1996,"Liaoning, China",https://res.cloudinary.com/dhx7maf56/image/upload/v1781104099/407a055f-926a-45c2-b765-a55a5af1b51b.png,,
spinosaurus,Spinosaurus,Spinosaurus aegyptiacus,Cretaceous,14,7400,Carnivore,"Spinosaurus aegyptiacus was a gigantic Late Cretaceous spinosaurid from North Africa, best known for its long crocodile-like snout, conical fish-catching teeth, tall dorsal sail, powerful forelimbs, relatively short hindlimbs, and broad paddle-like tail. Unlike Tyrannosaurus or Giganotosaurus, Spinosaurus was strongly associated with river and wetland environments and probably fed heavily on fish and other aquatic or shoreline prey. Modern discoveries have changed its reconstruction significantly, especially by emphasizing its semi-aquatic adaptations and unusual tail. However, the exact degree to which it swam or hunted underwater remains debated. Its fossil history is complicated because early Egyptian material was destroyed during World War II, making cautious reconstruction important.",https://res.cloudinary.com/dhx7maf56/image/upload/v1780494579/d051d945-30a9-43b1-865e-8a67a8527590.png,Spinosaurus illustration,"{""class"":""Reptilia"",""genus"":""Spinosaurus"",""order"":""Saurischia"",""family"":""Spinosauridae"",""phylum"":""Chordata"",""kingdom"":""Animalia"",""species"":""S. aegyptiacus""}","[""Large dorsal sail"",""Semi-aquatic"",""Crocodile-like jaws"",""Bipedal""]",Partial skeletons (some destroyed in WWII),1915,"Egypt, Morocco",https://res.cloudinary.com/dhx7maf56/image/upload/v1781104187/b6da8ed4-4b3b-4291-bef9-eb14a14273ff.png,,
stegosaurus,Stegosaurus,Stegosaurus stenops,Jurassic,9,2000,Herbivore,"Stegosaurus stenops was a large Late Jurassic stegosaurid from North America, instantly recognizable by the two rows of large upright plates along its back and the spiked tail weapon known as a thagomizer. It had a very small head, low browsing posture, short forelimbs, taller hindlimbs, arched back, bulky body, and a long muscular tail. The plates may have been used for display, species recognition, thermoregulation, or a combination of functions, but their exact purpose remains debated. The tail spikes were likely an important defensive weapon against predators such as Allosaurus. Stegosaurus was a slow-moving quadrupedal herbivore and one of the most iconic dinosaurs from the Morrison Formation.",https://res.cloudinary.com/dhx7maf56/image/upload/v1780495070/6208be16-c41e-42ec-aca6-bdb80c3e4bdb.png,Stegosaurus illustration,"{""class"":""Reptilia"",""genus"":""Stegosaurus"",""order"":""Ornithischia"",""family"":""Stegosauridae"",""phylum"":""Chordata"",""kingdom"":""Animalia"",""species"":""S. stenops""}","[""Dorsal plates"",""Tail spikes"",""Quadrupedal"",""Defensive features""]",Multiple partial skeletons,1877,"Colorado, USA",https://res.cloudinary.com/dhx7maf56/image/upload/v1781104246/67e13280-f9d5-49b0-a3ef-651af74b8fcc.png,,
struthiomimus,Struthiomimus,Struthiomimus altus,Cretaceous,4.3,150,Omnivore,"Struthiomimus altus was a Late Cretaceous ornithomimid from North America, with an ostrich-like body plan adapted for speed. It had a small toothless head with a beak, long slender neck, lightweight torso, long arms, very long running legs, three-toed feet, and a long balancing tail. Struthiomimus was not a raptor and lacked the enlarged sickle claw and predatory teeth of dromaeosaurids. It may have been omnivorous, feeding on plants, small animals, eggs, insects, or other available resources. Like other ornithomimosaurs, it may have had simple feathers or filament-like covering, although reconstructions should remain conservative and avoid making it look like a modern ostrich.",https://res.cloudinary.com/dhx7maf56/image/upload/v1780495187/7364e0d6-d658-4414-872e-535383b74404.png,Struthiomimus illustration,"{""class"":""Reptilia"",""genus"":""Struthiomimus"",""order"":""Saurischia"",""family"":""Ornithomimidae"",""phylum"":""Chordata"",""kingdom"":""Animalia"",""species"":""S. altus""}","[""Ostrich-like"",""Toothless beak"",""Very fast runner"",""Long legs""]",Multiple complete skeletons,1902,"Alberta, Canada",https://res.cloudinary.com/dhx7maf56/image/upload/v1781104724/f60bb41e-9c40-44cd-bed0-6705771d2b63.png,,
styracosaurus,Styracosaurus,Styracosaurus albertensis,Cretaceous,5.5,1800,Herbivore,"Styracosaurus albertensis was a Late Cretaceous centrosaurine ceratopsian from North America, famous for its large nose horn and dramatic spikes projecting from the edge of its frill. It had a strong parrot-like beak, deep skull, short frill, powerful shoulders, heavy quadrupedal body, and sturdy limbs. Unlike Triceratops, Styracosaurus did not have two long brow horns; its skull display was dominated by the nasal horn and long frill spikes. These ornaments may have been used for display, species recognition, and defense. Styracosaurus lived in rich floodplain ecosystems alongside other ceratopsians, hadrosaurs, tyrannosaurids, and armored dinosaurs.",https://res.cloudinary.com/dhx7maf56/image/upload/v1780495308/6ac6753d-0766-44c0-bb97-e87541c608fd.png,Styracosaurus illustration,"{""class"":""Reptilia"",""genus"":""Styracosaurus"",""order"":""Ornithischia"",""family"":""Ceratopsidae"",""phylum"":""Chordata"",""kingdom"":""Animalia"",""species"":""S. albertensis""}","[""Spiked frill"",""Nose horn"",""Quadrupedal"",""Beaked jaw""]",Several complete skeletons,1913,"Alberta, Canada",https://res.cloudinary.com/dhx7maf56/image/upload/v1781104874/7a07f1c4-f26e-4037-ae5e-db1ef18e6a93.png,,
supersaurus,Supersaurus,Supersaurus vivianae,Jurassic,33.0,35000,Herbivore,"Supersaurus vivianae was an extremely long Late Jurassic diplodocid sauropod from North America. It had a very long neck, elongated body, long tail, and relatively slender diplodocid proportions. Supersaurus is often discussed as one of the longest dinosaurs, although its exact total length depends on reconstruction. Unlike bulky titanosaurs, its body was defined more by extreme length than by massive weight. It lived in Morrison Formation ecosystems alongside other sauropods, stegosaurs, and large theropod predators.",https://res.cloudinary.com/dhx7maf56/image/upload/v1780751342/12b69850-ee03-41a5-9aea-797fa66aa834.png,Supersaurus illustration,"{""class"":""Reptilia"",""genus"":""Supersaurus"",""order"":""Saurischia"",""family"":""Diplodocidae"",""phylum"":""Chordata"",""kingdom"":""Animalia"",""species"":""S. vivianae""}","[""Extremely long body"",""Long neck"",""Long tail"",""Diplodocid"",""Quadrupedal""]",Partial skeletons and vertebrae,1985,"Colorado, Wyoming, USA",https://res.cloudinary.com/dhx7maf56/image/upload/v1781104970/38358614-2e9c-460a-8ca3-fddebeb1aafb.png,,
tarbosaurus,Tarbosaurus,Tarbosaurus bataar,Cretaceous,10.0,5000,Carnivore,"Tarbosaurus bataar was a large Late Cretaceous tyrannosaurid from Mongolia, closely related to Tyrannosaurus rex. It had a large skull, powerful jaws, tiny two-fingered arms, strong hindlimbs, and a long counterbalancing tail. Compared with T. rex, Tarbosaurus had some differences in skull proportions and lived in Asian ecosystems dominated by dinosaurs such as hadrosaurs, ankylosaurs, and sauropods. It was probably the apex predator of the Nemegt Formation. Tarbosaurus is one of the best-known Asian tyrannosaurids and a key comparison for T. rex evolution.",https://res.cloudinary.com/dhx7maf56/image/upload/v1780751774/bdf94fc3-7f94-4577-93f1-c5c1048aee76.png,Tarbosaurus illustration,"{""class"":""Reptilia"",""genus"":""Tarbosaurus"",""order"":""Saurischia"",""family"":""Tyrannosauridae"",""phylum"":""Chordata"",""kingdom"":""Animalia"",""species"":""T. bataar""}","[""Large tyrannosaurid"",""Two-fingered arms"",""Asian predator"",""Powerful jaws"",""Apex predator""]",Many skulls and skeletons,1955,Mongolia,https://res.cloudinary.com/dhx7maf56/image/upload/v1781105056/18425d3c-a77e-4fee-b5f8-f760036bdfe5.png,,
therizinosaurus,Therizinosaurus,Therizinosaurus cheloniformis,Cretaceous,10,5000,Herbivore,"Therizinosaurus cheloniformis was a large Late Cretaceous therizinosaurid from Mongolia, famous for its enormous scythe-like hand claws, long neck, small head, broad hips, and deep pot-bellied body. Although it was a theropod, it was very different from predatory theropods such as Tyrannosaurus or Velociraptor. Therizinosaurus was likely herbivorous or primarily plant-eating, using its long neck and huge claws to pull branches, strip vegetation, defend itself, or display. Its body was probably covered in simple feathers or filament-like plumage, based on evidence from related therizinosaurs. Because much of its skeleton is incomplete, reconstructions should remain cautious, but its giant claws make it one of the most distinctive dinosaurs ever discovered.",https://res.cloudinary.com/dhx7maf56/image/upload/v1780495506/236f24f6-f559-40c3-a0e3-b7f7a18159d2.png,Therizinosaurus illustration,"{""class"":""Reptilia"",""genus"":""Therizinosaurus"",""order"":""Saurischia"",""family"":""Therizinosauridae"",""phylum"":""Chordata"",""kingdom"":""Animalia"",""species"":""T. cheloniformis""}","[""Giant hand claws"",""Long neck"",""Feathered"",""Pot-bellied""]","Incomplete skeletal remains, giant claws",1948,Mongolia,https://res.cloudinary.com/dhx7maf56/image/upload/v1781105132/75b883d7-cb20-4958-96dd-c4187be5809a.png,,
torosaurus,Torosaurus,Torosaurus latus,Cretaceous,7.5,6000,Herbivore,"Torosaurus latus was a large Late Cretaceous chasmosaurine ceratopsian from North America, closely related to Triceratops. It had two long brow horns, a nose horn, a powerful beak, and an especially long frill with large openings. Torosaurus has been involved in debate over whether it represents a distinct genus or a mature growth stage of Triceratops, although many studies continue to treat it separately. It was a large quadrupedal herbivore that lived in the same final Cretaceous ecosystems as T. rex.",https://res.cloudinary.com/dhx7maf56/image/upload/v1780751876/db78e73b-1d66-4853-87b2-56ee8c3cd274.png,Torosaurus illustration,"{""class"":""Reptilia"",""genus"":""Torosaurus"",""order"":""Ornithischia"",""family"":""Ceratopsidae"",""phylum"":""Chordata"",""kingdom"":""Animalia"",""species"":""T. latus""}","[""Long frill"",""Large frill openings"",""Three horns"",""Quadrupedal"",""Chasmosaurine""]",Skulls and partial remains,1891,"Wyoming, Montana, USA",https://res.cloudinary.com/dhx7maf56/image/upload/v1781105498/340b6040-768b-41d0-97fe-39e2b6fe7a41.png,,
torvosaurus,Torvosaurus,Torvosaurus tanneri,Jurassic,10.0,4000,Carnivore,"Torvosaurus tanneri was a large Late Jurassic megalosaurid theropod from North America. It had a massive skull, powerful jaws, large serrated teeth, strong forelimbs with large claws, robust hindlimbs, and a long balancing tail. Torvosaurus lived in the Morrison Formation alongside Allosaurus, Ceratosaurus, Stegosaurus, and many sauropods. Unlike Allosaurus, it belonged to the megalosaurid lineage and had a heavier, more powerfully built skull and body. It was probably one of the largest predators in its ecosystem, hunting or scavenging large herbivorous dinosaurs.",https://res.cloudinary.com/dhx7maf56/image/upload/v1780752015/ed3a063e-bf44-49cf-ab15-369db2e151ae.png,Torvosaurus illustration,"{""class"":""Reptilia"",""genus"":""Torvosaurus"",""order"":""Saurischia"",""family"":""Megalosauridae"",""phylum"":""Chordata"",""kingdom"":""Animalia"",""species"":""T. tanneri""}","[""Large megalosaurid"",""Powerful jaws"",""Three-fingered hands"",""Carnivore"",""Morrison predator""]",Partial skeletons and skull material,1979,"Colorado, Utah, USA",https://res.cloudinary.com/dhx7maf56/image/upload/v1781105583/8099b706-0607-4525-9a6c-c0409af936ec.png,,
triceratops,Triceratops,Triceratops horridus,Cretaceous,9,6000,Herbivore,"Triceratops horridus was a massive Late Cretaceous ceratopsian from North America and one of the last non-avian dinosaurs before the end-Cretaceous extinction. It had a huge skull, two long brow horns, a smaller nose horn, a large solid neck frill, a strong parrot-like beak, powerful shoulders, and a heavy quadrupedal body. Unlike Styracosaurus, it lacked long frill spikes, and unlike Chasmosaurus, its frill was shorter and more solid-looking. Triceratops likely used its horns and frill for display, species recognition, defense, and possibly combat with rivals. It lived alongside Tyrannosaurus rex in the Hell Creek ecosystem and was one of the dominant large herbivores of its time.",https://res.cloudinary.com/dhx7maf56/image/upload/v1780495646/4e87262b-81c6-4055-b62e-a857c42d0557.png,Triceratops illustration,"{""class"":""Reptilia"",""genus"":""Triceratops"",""order"":""Ornithischia"",""family"":""Ceratopsidae"",""phylum"":""Chordata"",""kingdom"":""Animalia"",""species"":""T. horridus""}","[""Three horns"",""Bony frill"",""Quadrupedal"",""Herbivorous""]",Numerous complete skulls,1887,"Wyoming, USA",https://res.cloudinary.com/dhx7maf56/image/upload/v1781105662/39a2c9dc-3bfd-4759-a4b2-5fb5e66596bf.png,,
troodon,Troodon,Troodon formosus,Cretaceous,2.5,50,Omnivore,"Troodon formosus is a historically famous name for a small Late Cretaceous troodontid-like dinosaur, but its scientific status is debated. Many fossils once assigned to Troodon have since been reclassified into other troodontid genera, so reconstructions should be presented carefully. In a conservative interpretation, Troodon can be shown as a small, bird-like, feathered maniraptoran with large eyes, a narrow skull, small teeth, long legs, grasping arms, a long tail, and an enlarged second-toe claw. It was probably an agile omnivore or small-prey hunter rather than a large predator. Because the name is taxonomically complicated, Troodon is best treated as an uncertain but historically important troodontid entry.",https://res.cloudinary.com/dhx7maf56/image/upload/v1780496031/0beddbb2-cfd7-4b7b-953a-4fa1e146c89b.png,Troodon illustration,"{""class"":""Reptilia"",""genus"":""Troodon"",""order"":""Saurischia"",""family"":""Troodontidae"",""phylum"":""Chordata"",""kingdom"":""Animalia"",""species"":""T. formosus""}","[""Large brain"",""Forward-facing eyes"",""Omnivorous"",""Highly intelligent""]",Partial skeletons with eggs,1856,"Montana, USA",https://res.cloudinary.com/dhx7maf56/image/upload/v1781105745/0f2d760d-8a82-4b40-aa03-a07551cdbfe2.png,,
tuojiangosaurus,Tuojiangosaurus,Tuojiangosaurus multispinus,Jurassic,7,2800,Herbivore,"Tuojiangosaurus multispinus was a Late Jurassic stegosaurid from China, closely related to Stegosaurus but with a more pointed and angular armor profile. It had a small narrow head, low browsing posture, arched back, short forelimbs, longer hindlimbs, paired rows of pointed dorsal plates, and a spiked tail. Unlike Stegosaurus, which is famous for broad leaf-shaped plates, Tuojiangosaurus had narrower, sharper-looking plates along the back. Its tail spikes probably served as a defensive weapon against predators. Tuojiangosaurus was a quadrupedal herbivore that fed on low vegetation and represents one of the best-known stegosaurs from Asia.",https://res.cloudinary.com/dhx7maf56/image/upload/v1780497037/9d47ce03-7eaa-4805-9650-11bec4f404ac.png,Tuojiangosaurus illustration,"{""class"":""Reptilia"",""genus"":""Tuojiangosaurus"",""order"":""Ornithischia"",""family"":""Stegosauridae"",""phylum"":""Chordata"",""kingdom"":""Animalia"",""species"":""T. multispinus""}","[""Narrow back plates"",""Thagomizer tail spikes"",""Quadrupedal"",""Low browsing head""]",Two nearly complete skeletons,1977,"Sichuan, China",https://res.cloudinary.com/dhx7maf56/image/upload/v1781105825/8c42d43c-e56e-4f9e-a9a9-80ef6318f653.png,,
tyrannosaurus-rex,Tyrannosaurus Rex,Tyrannosaurus rex,Cretaceous,12.3,9000,Carnivore,"Tyrannosaurus rex was a gigantic Late Cretaceous tyrannosaurid from North America and one of the most powerful terrestrial predators ever known. It had an enormous deep skull, thick bone-crushing teeth, a muscular neck, massive torso, huge hindlimbs, a long heavy tail, and very small but strong two-fingered arms. Unlike Giganotosaurus or Carcharodontosaurus, T. rex had a short, deep skull built for an extremely powerful bite rather than a long blade-like skull for slicing. Modern reconstructions often show closed-mouth teeth covered by soft tissue rather than permanently exposed like a crocodile. T. rex lived in the Hell Creek ecosystem and likely hunted and scavenged large herbivores such as Triceratops and Edmontosaurus.",https://res.cloudinary.com/dhx7maf56/image/upload/v1780497191/7f964567-cd5a-46d0-bd7b-749663b2d877.png,Tyrannosaurus Rex illustration,"{""class"":""Reptilia"",""genus"":""Tyrannosaurus"",""order"":""Saurischia"",""family"":""Tyrannosauridae"",""phylum"":""Chordata"",""kingdom"":""Animalia"",""species"":""T. rex""}","[""Powerful bite force"",""Bipedal stance"",""Sharp teeth"",""Short arms""]",Multiple complete skeletons,1902,"Montana, USA",https://res.cloudinary.com/dhx7maf56/image/upload/v1781106271/ec93910b-7a0d-4a44-8fbf-6d47c85eaf1a.png,,
utahraptor,Utahraptor,Utahraptor ostrommaysi,Cretaceous,7,500,Carnivore,"Utahraptor ostrommaysi was a giant Early Cretaceous dromaeosaurid from North America and one of the largest known “raptor” dinosaurs. It was much bigger and more powerfully built than Velociraptor or Deinonychus, with a stocky body, strong hindlimbs, long grasping forelimbs, a stiff balancing tail, and a large sickle-shaped claw on the second toe of each foot. As a dromaeosaurid, it was likely feathered, although direct feather impressions are not known for this species. Utahraptor should not be imagined as a naked movie monster or a scaled-up Velociraptor; it was a heavy, ground-dwelling, bird-related predator. Its fossils help show how diverse and large dromaeosaurids could become.",https://res.cloudinary.com/dhx7maf56/image/upload/v1780497379/7f0f092a-c9f1-47b1-9fca-734c47979a90.png,Utahraptor illustration,"{""class"":""Reptilia"",""genus"":""Utahraptor"",""order"":""Saurischia"",""family"":""Dromaeosauridae"",""phylum"":""Chordata"",""kingdom"":""Animalia"",""species"":""U. ostrommaysi""}","[""Giant sickle claw"",""Feathered"",""Pack hunter"",""Heavy build""]",Partial skeletons and multiple bonebed specimens,1993,"Utah, USA",https://res.cloudinary.com/dhx7maf56/image/upload/v1781106375/b0e376d9-138a-483b-bc08-117a3912e5ea.png,,
velociraptor,Velociraptor,Velociraptor mongoliensis,Cretaceous,1.8,15,Carnivore,"Velociraptor mongoliensis was a small Late Cretaceous dromaeosaurid from Mongolia, very different from the oversized scaly raptors often shown in movies. It was a lightly built, feathered predator with a long low skull, narrow snout, sharp teeth, long forelimbs, a stiffened tail, and an enlarged sickle claw on each foot. Direct fossil evidence from the forearm supports the presence of feathers, so accurate reconstructions should show it as a feathered animal. Velociraptor likely hunted small animals and may have scavenged when possible in arid desert-steppe environments. It was closer in size to a turkey or large dog than to the human-sized raptors of popular fiction.",https://res.cloudinary.com/dhx7maf56/image/upload/v1780497458/0209f4f8-685c-4c7a-8078-9c12c2732a54.png,Velociraptor illustration,"{""class"":""Reptilia"",""genus"":""Velociraptor"",""order"":""Saurischia"",""family"":""Dromaeosauridae"",""phylum"":""Chordata"",""kingdom"":""Animalia"",""species"":""V. mongoliensis""}","[""Killing claw"",""Pack hunter"",""Feathered"",""Intelligent""]",Multiple skeletons,1924,Mongolia,https://res.cloudinary.com/dhx7maf56/image/upload/v1781106476/326b1879-5b4c-435a-8d9c-e87f05caed3c.png,,
yutyrannus,Yutyrannus,Yutyrannus huali,Cretaceous,9.0,1400,Carnivore,"Yutyrannus huali was a large Early Cretaceous tyrannosauroid from China and one of the largest known dinosaurs with direct evidence of feather-like covering. It had a long skull, strong legs, three-fingered hands, and a body covered with filamentous feathers or protofeathers. Unlike Tyrannosaurus rex, it was not a late giant tyrannosaurid with tiny two-fingered arms. Yutyrannus is important because it shows that large tyrannosauroids could retain extensive feathering, especially in cooler Early Cretaceous environments.",https://res.cloudinary.com/dhx7maf56/image/upload/v1780752123/fe2fe1e4-5c04-4bb6-8b6d-2260032cb8d1.png,Yutyrannus illustration,"{""class"":""Reptilia"",""genus"":""Yutyrannus"",""order"":""Saurischia"",""family"":""Proceratosauridae"",""phylum"":""Chordata"",""kingdom"":""Animalia"",""species"":""Y. huali""}","[""Feathered body"",""Large tyrannosauroid"",""Three-fingered hands"",""Carnivore"",""Early Cretaceous""]",Several skeletons with feather impressions,2012,"Liaoning, China",https://res.cloudinary.com/dhx7maf56/image/upload/v1781106570/2e59ffb9-5993-4db4-9822-b7c545cdb240.png,,
zuul,Zuul,Zuul crurivastator,Cretaceous,6.0,2500,Herbivore,"Zuul crurivastator was a Late Cretaceous ankylosaurid from North America, named after the monster Zuul from Ghostbusters because of its armored skull. It is known from an exceptional specimen preserving the skull, body armor, and tail club. Like other ankylosaurids, Zuul had a wide low body, bony osteoderms, sturdy limbs, and a stiff tail ending in a heavy club. Its fossils provide rare evidence for armor arrangement and possible injuries, making it important for understanding ankylosaur defense and behavior.",https://res.cloudinary.com/dhx7maf56/image/upload/v1780752198/ba89cec4-fb5a-4ecc-9f80-ea857107554a.png,Zuul illustration,"{""class"":""Reptilia"",""genus"":""Zuul"",""order"":""Ornithischia"",""family"":""Ankylosauridae"",""phylum"":""Chordata"",""kingdom"":""Animalia"",""species"":""Z. crurivastator""}","[""Tail club"",""Armored skull"",""Well-preserved armor"",""Quadrupedal"",""Ankylosaurid""]",Exceptionally preserved skeleton with armor,2017,"Montana, USA",https://res.cloudinary.com/dhx7maf56/image/upload/v1781106661/29dc5f26-7c12-4b5a-b823-43c927832ae8.png,,